Workbook

Sheet Summary
A1: Type | B1: Category | C1: Brand | D1: 202401 | E1: 202402 | F1: 202403 | G1: 202404 | H1: 202405 | I1: 202406 | J1: 202407 | K1: 202408 | L1: 202409 | M1: 202410 | N1: 202411 | O1: 202412 | P1: 202501 | Q1: 202502 | R1: 202503 | S1: 202504 | T1: 202505 | U1: 202506 | V1: 202507 | W1: 202508 | X1: 202509 | Y1: 202510 | Z1: 202511 | AA1: 202512 | AB1: 202601 | AC1: 202602 | AD1: 202603 | AE1: 202604 | AF1: 202605 | AG1: 202606 | AJ1: CM | AK1: FYTD | AL1: CYTD | AM1: JAS | AN1: OND | AO1: JFM | AP1: AMJ | AQ1: 1H | AR1: 2H | AS1: FY
A2: Offtake | B2: Total | C2: Total | D2: =SUM(D3,D8,D14,D18,D24,D27,D34) -> 26.875749 | E2: =SUM(E3,E8,E14,E18,E24,E27,E34) -> 31.613833 | F2: =SUM(F3,F8,F14,F18,F24,F27,F34) -> 25.597481 | G2: =SUM(G3,G8,G14,G18,G24,G27,G34) -> 25.517446 | H2: =SUM(H3,H8,H14,H18,H24,H27,H34) -> 30.36131 | I2: =SUM(I3,I8,I14,I18,I24,I27,I34) -> 25.890439 | J2: =SUM(J3,J8,J14,J18,J24,J27,J34) -> 25.464544 | K2: =SUM(K3,K8,K14,K18,K24,K27,K34) -> 26.673421 | ... AG2: =SUM(AG3,AG8,AG14,AG18,AG24,AG27,AG34) -> 41.653471 | AJ2: =IFERROR(AE2/S2*100,"NA") -> 118.64449 | AK2: =IFERROR(SUM(V2:AE2)/SUM(J2:S2)*100,"NA") -> 119.00053 | AL2: =IFERROR(SUM(AB2:AE2)/SUM(P2:S2)*100,"NA") -> 108.30305 | AM2: =IFERROR(SUM(V2:X2)/SUM(J2:L2)*100,"NA") -> 117.15717 | AN2: =IFERROR(SUM(Y2:AA2)/SUM(M2:O2)*100,"NA") -> 133.69033 | AO2: =IFERROR(SUM(AB2:AD2)/SUM(P2:R2)*100,"NA") -> 104.81625 | AP2: =IFERROR(SUM(AE2:AG2)/SUM(S2:U2)*100,"NA") -> 107.67803 | AQ2: =IFERROR(SUM(V2:AA2)/SUM(J2:O2)*100,"NA") -> 126.33812 | AR2: =IFERROR(SUM(AB2:AG2)/SUM(P2:U2)*100,"NA") -> 106.37127 | AS2: =IFERROR(SUM(V2:AG2)/SUM(J2:U2)*100,"NA") -> 115.7746
A3: Offtake | B3: Hair | C3: Total | D3: =Hair!F3 -> 7.2976789 | E3: =Hair!G3 -> 9.0880794 | F3: =Hair!H3 -> 7.547991 | G3: =Hair!I3 -> 6.8362572 | H3: =Hair!J3 -> 7.7994483 | I3: =Hair!K3 -> 7.7877277 | J3: =Hair!L3 -> 7.0275254 | K3: =Hair!M3 -> 7.4311767 | ... AG3: =Hair!AI3 -> 12.4325 | AJ3: =IFERROR(AE3/S3*100,"NA") -> 113.80084 | AK3: =IFERROR(SUM(V3:AE3)/SUM(J3:S3)*100,"NA") -> 129.86905 | AL3: =IFERROR(SUM(AB3:AE3)/SUM(P3:S3)*100,"NA") -> 113.9543 | AM3: =IFERROR(SUM(V3:X3)/SUM(J3:L3)*100,"NA") -> 134.99625 | AN3: =IFERROR(SUM(Y3:AA3)/SUM(M3:O3)*100,"NA") -> 146.53094 | AO3: =IFERROR(SUM(AB3:AD3)/SUM(P3:R3)*100,"NA") -> 114.01157 | AP3: =IFERROR(SUM(AE3:AG3)/SUM(S3:U3)*100,"NA") -> 106.56187 | AQ3: =IFERROR(SUM(V3:AA3)/SUM(J3:O3)*100,"NA") -> 141.69283 | AR3: =IFERROR(SUM(AB3:AG3)/SUM(P3:U3)*100,"NA") -> 109.91866 | AS3: =IFERROR(SUM(V3:AG3)/SUM(J3:U3)*100,"NA") -> 124.35693
B4: HNS | C4: HNS | D4: =Hair!F6 -> 1.1561017 | E4: =Hair!G6 -> 1.520378 | F4: =Hair!H6 -> 1.4297258 | G4: =Hair!I6 -> 1.1546554 | H4: =Hair!J6 -> 1.4983956 | I4: =Hair!K6 -> 1.8250481 | J4: =Hair!L6 -> 1.485706 | K4: =Hair!M6 -> 1.6607624 | ... AG4: =Hair!AI6 -> 2.47 | AJ4: =IFERROR(AE4/S4*100,"NA") -> 75.790763 | AK4: =IFERROR(SUM(V4:AE4)/SUM(J4:S4)*100,"NA") -> 116.09933 | AL4: =IFERROR(SUM(AB4:AE4)/SUM(P4:S4)*100,"NA") -> 97.696861 | AM4: =IFERROR(SUM(V4:X4)/SUM(J4:L4)*100,"NA") -> 126.34213 | AN4: =IFERROR(SUM(Y4:AA4)/SUM(M4:O4)*100,"NA") -> 133.71547 | AO4: =IFERROR(SUM(AB4:AD4)/SUM(P4:R4)*100,"NA") -> 111.11733 | AP4: =IFERROR(SUM(AE4:AG4)/SUM(S4:U4)*100,"NA") -> 86.875097 | AQ4: =IFERROR(SUM(V4:AA4)/SUM(J4:O4)*100,"NA") -> 130.18317 | AR4: =IFERROR(SUM(AB4:AG4)/SUM(P4:U4)*100,"NA") -> 95.846749 | AS4: =IFERROR(SUM(V4:AG4)/SUM(J4:U4)*100,"NA") -> 110.89104
B5: PTN | C5: PTN | D5: =Hair!F42 -> 3.6296792 | E5: =Hair!G42 -> 3.4605706 | F5: =Hair!H42 -> 3.1276284 | G5: =Hair!I42 -> 3.1032522 | H5: =Hair!J42 -> 2.6596319 | I5: =Hair!K42 -> 2.6082213 | J5: =Hair!L42 -> 2.9359616 | K5: =Hair!M42 -> 2.5585862 | ... AG5: =Hair!AI42 -> 4.9025 | AJ5: =IFERROR(AE5/S5*100,"NA") -> 163.65621 | AK5: =IFERROR(SUM(V5:AE5)/SUM(J5:S5)*100,"NA") -> 134.36048 | AL5: =IFERROR(SUM(AB5:AE5)/SUM(P5:S5)*100,"NA") -> 138.00142 | AM5: =IFERROR(SUM(V5:X5)/SUM(J5:L5)*100,"NA") -> 131.10558 | AN5: =IFERROR(SUM(Y5:AA5)/SUM(M5:O5)*100,"NA") -> 132.67151 | AO5: =IFERROR(SUM(AB5:AD5)/SUM(P5:R5)*100,"NA") -> 130.08768 | AP5: =IFERROR(SUM(AE5:AG5)/SUM(S5:U5)*100,"NA") -> 122.03314 | AQ5: =IFERROR(SUM(V5:AA5)/SUM(J5:O5)*100,"NA") -> 132.05531 | AR5: =IFERROR(SUM(AB5:AG5)/SUM(P5:U5)*100,"NA") -> 125.57465 | AS5: =IFERROR(SUM(V5:AG5)/SUM(J5:U5)*100,"NA") -> 128.66
B6: Pert | C6: Pert | D6: =Hair!F84 -> 0.386891 | E6: =Hair!G84 -> 0.5931387 | F6: =Hair!H84 -> 0.5326613 | G6: =Hair!I84 -> 0.5880434 | H6: =Hair!J84 -> 0.6140804 | I6: =Hair!K84 -> 0.396426 | J6: =Hair!L84 -> 0.5345098 | K6: =Hair!M84 -> 0.6603507 | ... AG6: =Hair!AI84 -> 0.46 | AJ6: =IFERROR(AE6/S6*100,"NA") -> 79.509757 | AK6: =IFERROR(SUM(V6:AE6)/SUM(J6:S6)*100,"NA") -> 76.22448 | AL6: =IFERROR(SUM(AB6:AE6)/SUM(P6:S6)*100,"NA") -> 67.034409 | AM6: =IFERROR(SUM(V6:X6)/SUM(J6:L6)*100,"NA") -> 91.530544 | AN6: =IFERROR(SUM(Y6:AA6)/SUM(M6:O6)*100,"NA") -> 71.244002 | AO6: =IFERROR(SUM(AB6:AD6)/SUM(P6:R6)*100,"NA") -> 63.466572 | AP6: =IFERROR(SUM(AE6:AG6)/SUM(S6:U6)*100,"NA") -> 87.238027 | AQ6: =IFERROR(SUM(V6:AA6)/SUM(J6:O6)*100,"NA") -> 81.30837 | AR6: =IFERROR(SUM(AB6:AG6)/SUM(P6:U6)*100,"NA") -> 74.133008 | AS6: =IFERROR(SUM(V6:AG6)/SUM(J6:U6)*100,"NA") -> 78.163448
B7: HR | C7: HR | D7: =Hair!F102 -> 2.1250069 | E7: =Hair!G102 -> 3.5139921 | F7: =Hair!H102 -> 2.4579754 | G7: =Hair!I102 -> 1.9903063 | H7: =Hair!J102 -> 3.0273403 | I7: =Hair!K102 -> 2.9580323 | J7: =Hair!L102 -> 2.0713479 | K7: =Hair!M102 -> 2.5514775 | ... AG7: =Hair!AI102 -> 4.6 | AJ7: =IFERROR(AE7/S7*100,"NA") -> 107.22819 | AK7: =IFERROR(SUM(V7:AE7)/SUM(J7:S7)*100,"NA") -> 142.38635 | AL7: =IFERROR(SUM(AB7:AE7)/SUM(P7:S7)*100,"NA") -> 108.73088 | AM7: =IFERROR(SUM(V7:X7)/SUM(J7:L7)*100,"NA") -> 157.27905 | AN7: =IFERROR(SUM(Y7:AA7)/SUM(M7:O7)*100,"NA") -> 182.85487 | AO7: =IFERROR(SUM(AB7:AD7)/SUM(P7:R7)*100,"NA") -> 109.25245 | AP7: =IFERROR(SUM(AE7:AG7)/SUM(S7:U7)*100,"NA") -> 105.55763 | AQ7: =IFERROR(SUM(V7:AA7)/SUM(J7:O7)*100,"NA") -> 172.64479 | AR7: =IFERROR(SUM(AB7:AG7)/SUM(P7:U7)*100,"NA") -> 107.36271 | AS7: =IFERROR(SUM(V7:AG7)/SUM(J7:U7)*100,"NA") -> 134.95302
A8: Offtake | B8: Fabric | C8: Total | D8: =Fabric!F3 -> 3.2809509 | E8: =Fabric!G3 -> 4.8481083 | F8: =Fabric!H3 -> 3.9774963 | G8: =Fabric!I3 -> 5.4007097 | H8: =Fabric!J3 -> 6.0796203 | I8: =Fabric!K3 -> 3.6145921 | J8: =Fabric!L3 -> 4.1013033 | K8: =Fabric!M3 -> 3.8499108 | ... AG8: =Fabric!AI3 -> 6.36 | AJ8: =IFERROR(AE8/S8*100,"NA") -> 132.07981 | AK8: =IFERROR(SUM(V8:AE8)/SUM(J8:S8)*100,"NA") -> 102.0136 | AL8: =IFERROR(SUM(AB8:AE8)/SUM(P8:S8)*100,"NA") -> 97.763164 | AM8: =IFERROR(SUM(V8:X8)/SUM(J8:L8)*100,"NA") -> 116.29481 | AN8: =IFERROR(SUM(Y8:AA8)/SUM(M8:O8)*100,"NA") -> 98.168152 | AO8: =IFERROR(SUM(AB8:AD8)/SUM(P8:R8)*100,"NA") -> 86.269849 | AP8: =IFERROR(SUM(AE8:AG8)/SUM(S8:U8)*100,"NA") -> 120.61708 | AQ8: =IFERROR(SUM(V8:AA8)/SUM(J8:O8)*100,"NA") -> 104.90469 | AR8: =IFERROR(SUM(AB8:AG8)/SUM(P8:U8)*100,"NA") -> 103.84164 | AS8: =IFERROR(SUM(V8:AG8)/SUM(J8:U8)*100,"NA") -> 104.36191
B9: Ariel | C9: Total | D9: =Fabric!F4 -> 2.6030706 | E9: =Fabric!G4 -> 4.1279239 | F9: =Fabric!H4 -> 3.495721 | G9: =Fabric!I4 -> 4.2067224 | H9: =Fabric!J4 -> 4.7707851 | I9: =Fabric!K4 -> 3.018822 | J9: =Fabric!L4 -> 2.9258491 | K9: =Fabric!M4 -> 2.7380167 | ... AG9: =Fabric!AI4 -> 5 | AJ9: =IFERROR(AE9/S9*100,"NA") -> 156.17839 | AK9: =IFERROR(SUM(V9:AE9)/SUM(J9:S9)*100,"NA") -> 102.0453 | AL9: =IFERROR(SUM(AB9:AE9)/SUM(P9:S9)*100,"NA") -> 102.1589 | AM9: =IFERROR(SUM(V9:X9)/SUM(J9:L9)*100,"NA") -> 110.3396 | AN9: =IFERROR(SUM(Y9:AA9)/SUM(M9:O9)*100,"NA") -> 97.382682 | AO9: =IFERROR(SUM(AB9:AD9)/SUM(P9:R9)*100,"NA") -> 85.342832 | AP9: =IFERROR(SUM(AE9:AG9)/SUM(S9:U9)*100,"NA") -> 133.46615 | AQ9: =IFERROR(SUM(V9:AA9)/SUM(J9:O9)*100,"NA") -> 101.9726 | AR9: =IFERROR(SUM(AB9:AG9)/SUM(P9:U9)*100,"NA") -> 109.57376 | AS9: =IFERROR(SUM(V9:AG9)/SUM(J9:U9)*100,"NA") -> 105.74062
B10: Ariel | C10: Ariel LIQ | D10: =Fabric!F5 -> 0.5863432 | E10: =Fabric!G5 -> 0.9905921 | F10: =Fabric!H5 -> 0.68382615 | G10: =Fabric!I5 -> 0.74044633 | H10: =Fabric!J5 -> 1.1259407 | I10: =Fabric!K5 -> 1.0298289 | J10: =Fabric!L5 -> 0.75706357 | K10: =Fabric!M5 -> 0.90302607 | ... AG10: =Fabric!AI5 -> 1 | AJ10: =IFERROR(AE10/S10*100,"NA") -> 82.843843 | AK10: =IFERROR(SUM(V10:AE10)/SUM(J10:S10)*100,"NA") -> 106.34184 | AL10: =IFERROR(SUM(AB10:AE10)/SUM(P10:S10)*100,"NA") -> 80.772861 | AM10: =IFERROR(SUM(V10:X10)/SUM(J10:L10)*100,"NA") -> 124.91572 | AN10: =IFERROR(SUM(Y10:AA10)/SUM(M10:O10)*100,"NA") -> 127.84101 | AO10: =IFERROR(SUM(AB10:AD10)/SUM(P10:R10)*100,"NA") -> 80.065722 | AP10: =IFERROR(SUM(AE10:AG10)/SUM(S10:U10)*100,"NA") -> 94.661771 | AQ10: =IFERROR(SUM(V10:AA10)/SUM(J10:O10)*100,"NA") -> 126.32863 | AR10: =IFERROR(SUM(AB10:AG10)/SUM(P10:U10)*100,"NA") -> 87.496096 | AS10: =IFERROR(SUM(V10:AG10)/SUM(J10:U10)*100,"NA") -> 105.25257
B11: Ariel | C11: Ariel SUD | D11: =Fabric!F6 -> 2.0167274 | E11: =Fabric!G6 -> 3.1373318 | F11: =Fabric!H6 -> 2.8118949 | G11: =Fabric!I6 -> 3.4662761 | H11: =Fabric!J6 -> 3.6448444 | I11: =Fabric!K6 -> 1.988993 | J11: =Fabric!L6 -> 2.1687856 | K11: =Fabric!M6 -> 1.8349907 | ... AG11: =Fabric!AI6 -> 4 | AJ11: =IFERROR(AE11/S11*100,"NA") -> 183.62443 | AK11: =IFERROR(SUM(V11:AE11)/SUM(J11:S11)*100,"NA") -> 100.79135 | AL11: =IFERROR(SUM(AB11:AE11)/SUM(P11:S11)*100,"NA") -> 109.4402 | AM11: =IFERROR(SUM(V11:X11)/SUM(J11:L11)*100,"NA") -> 103.98833 | AN11: =IFERROR(SUM(Y11:AA11)/SUM(M11:O11)*100,"NA") -> 91.772745 | AO11: =IFERROR(SUM(AB11:AD11)/SUM(P11:R11)*100,"NA") -> 87.085799 | AP11: =IFERROR(SUM(AE11:AG11)/SUM(S11:U11)*100,"NA") -> 146.66846 | AQ11: =IFERROR(SUM(V11:AA11)/SUM(J11:O11)*100,"NA") -> 95.578058 | AR11: =IFERROR(SUM(AB11:AG11)/SUM(P11:U11)*100,"NA") -> 116.97583 | AS11: =IFERROR(SUM(V11:AG11)/SUM(J11:U11)*100,"NA") -> 105.88586
B12: Lenor | C12: Lenor | D12: =Fabric!F7 -> 0.67788021 | E12: =Fabric!G7 -> 0.72018447 | F12: =Fabric!H7 -> 0.45857487 | G12: =Fabric!I7 -> 1.1614319 | H12: =Fabric!J7 -> 1.2403566 | I12: =Fabric!K7 -> 0.51718814 | J12: =Fabric!L7 -> 1.1140854 | K12: =Fabric!M7 -> 1.0187183 | ... AG12: =Fabric!AI7 -> 1.16 | AJ12: =IFERROR(AE12/S12*100,"NA") -> 88.968946 | AK12: =IFERROR(SUM(V12:AE12)/SUM(J12:S12)*100,"NA") -> 91.571802 | AL12: =IFERROR(SUM(AB12:AE12)/SUM(P12:S12)*100,"NA") -> 87.599851 | AM12: =IFERROR(SUM(V12:X12)/SUM(J12:L12)*100,"NA") -> 100.43454 | AN12: =IFERROR(SUM(Y12:AA12)/SUM(M12:O12)*100,"NA") -> 90.223081 | AO12: =IFERROR(SUM(AB12:AD12)/SUM(P12:R12)*100,"NA") -> 87.122681 | AP12: =IFERROR(SUM(AE12:AG12)/SUM(S12:U12)*100,"NA") -> 99.973197 | AQ12: =IFERROR(SUM(V12:AA12)/SUM(J12:O12)*100,"NA") -> 94.591022 | AR12: =IFERROR(SUM(AB12:AG12)/SUM(P12:U12)*100,"NA") -> 93.433184 | AS12: =IFERROR(SUM(V12:AG12)/SUM(J12:U12)*100,"NA") -> 93.982554
B13: Bold | C13: Bold | D13: =Fabric!F8 -> 0 | E13: =Fabric!G8 -> 0 | F13: =Fabric!H8 -> 0.0232004 | G13: =Fabric!I8 -> 0.0325554 | H13: =Fabric!J8 -> 0.0684786 | I13: =Fabric!K8 -> 0.078582 | J13: =Fabric!L8 -> 0.0613688 | K13: =Fabric!M8 -> 0.0931758 | ... AG13: =Fabric!AI8 -> 0.2 | AJ13: =IFERROR(AE13/S13*100,"NA") -> 40.887747 | AK13: =IFERROR(SUM(V13:AE13)/SUM(J13:S13)*100,"NA") -> 191.50522 | AL13: =IFERROR(SUM(AB13:AE13)/SUM(P13:S13)*100,"NA") -> 74.942273 | AM13: =IFERROR(SUM(V13:X13)/SUM(J13:L13)*100,"NA") -> 498.9137 | AN13: =IFERROR(SUM(Y13:AA13)/SUM(M13:O13)*100,"NA") -> 258.7922 | AO13: =IFERROR(SUM(AB13:AD13)/SUM(P13:R13)*100,"NA") -> 104.56659 | AP13: =IFERROR(SUM(AE13:AG13)/SUM(S13:U13)*100,"NA") -> 49.221609 | AQ13: =IFERROR(SUM(V13:AA13)/SUM(J13:O13)*100,"NA") -> 376.21902 | AR13: =IFERROR(SUM(AB13:AG13)/SUM(P13:U13)*100,"NA") -> 64.332662 | AS13: =IFERROR(SUM(V13:AG13)/SUM(J13:U13)*100,"NA") -> 140.33097
A14: Offtake | B14: Oral | C14: Total | D14: =Oral!F3 -> 4.875333 | E14: =Oral!G3 -> 5.8560401 | F14: =Oral!H3 -> 4.9593555 | G14: =Oral!I3 -> 5.6983355 | H14: =Oral!J3 -> 7.1931792 | I14: =Oral!K3 -> 5.1703308 | J14: =Oral!L3 -> 4.1319147 | K14: =Oral!M3 -> 6.2557798 | ... AG14: =Oral!AI3 -> 6.358 | AJ14: =IFERROR(AE14/S14*100,"NA") -> 124.58012 | AK14: =IFERROR(SUM(V14:AE14)/SUM(J14:S14)*100,"NA") -> 120.32757 | AL14: =IFERROR(SUM(AB14:AE14)/SUM(P14:S14)*100,"NA") -> 113.07187 | AM14: =IFERROR(SUM(V14:X14)/SUM(J14:L14)*100,"NA") -> 105.46386 | AN14: =IFERROR(SUM(Y14:AA14)/SUM(M14:O14)*100,"NA") -> 143.0535 | AO14: =IFERROR(SUM(AB14:AD14)/SUM(P14:R14)*100,"NA") -> 109.57849 | AP14: =IFERROR(SUM(AE14:AG14)/SUM(S14:U14)*100,"NA") -> 109.24645 | AQ14: =IFERROR(SUM(V14:AA14)/SUM(J14:O14)*100,"NA") -> 124.69936 | AR14: =IFERROR(SUM(AB14:AG14)/SUM(P14:U14)*100,"NA") -> 109.40886 | AS14: =IFERROR(SUM(V14:AG14)/SUM(J14:U14)*100,"NA") -> 117.27025
B15: Oral-B | C15: OCM | D15: =Oral!F6 -> 2.132399 | E15: =Oral!G6 -> 2.0234925 | F15: =Oral!H6 -> 1.7709608 | G15: =Oral!I6 -> 1.546231 | H15: =Oral!J6 -> 1.8634206 | I15: =Oral!K6 -> 1.5405687 | J15: =Oral!L6 -> 1.0881453 | K15: =Oral!M6 -> 1.5423588 | ... AG15: =Oral!AI6 -> 1.34 | AJ15: =IFERROR(AE15/S15*100,"NA") -> 68.439707 | AK15: =IFERROR(SUM(V15:AE15)/SUM(J15:S15)*100,"NA") -> 78.561927 | AL15: =IFERROR(SUM(AB15:AE15)/SUM(P15:S15)*100,"NA") -> 59.341455 | AM15: =IFERROR(SUM(V15:X15)/SUM(J15:L15)*100,"NA") -> 107.02392 | AN15: =IFERROR(SUM(Y15:AA15)/SUM(M15:O15)*100,"NA") -> 79.86638 | AO15: =IFERROR(SUM(AB15:AD15)/SUM(P15:R15)*100,"NA") -> 56.594135 | AP15: =IFERROR(SUM(AE15:AG15)/SUM(S15:U15)*100,"NA") -> 77.923883 | AQ15: =IFERROR(SUM(V15:AA15)/SUM(J15:O15)*100,"NA") -> 92.614808 | AR15: =IFERROR(SUM(AB15:AG15)/SUM(P15:U15)*100,"NA") -> 66.65064 | AS15: =IFERROR(SUM(V15:AG15)/SUM(J15:U15)*100,"NA") -> 79.23916
B16: Oral-B | C16: OCP | D16: =Oral!F30 -> 1.2720631 | E16: =Oral!G30 -> 2.0157073 | F16: =Oral!H30 -> 1.5602139 | G16: =Oral!I30 -> 1.6239192 | H16: =Oral!J30 -> 2.2183716 | I16: =Oral!K30 -> 1.8884164 | J16: =Oral!L30 -> 1.5417833 | K16: =Oral!M30 -> 1.8191798 | ... AG16: =Oral!AI30 -> 2.2 | AJ16: =IFERROR(AE16/S16*100,"NA") -> 198.77855 | AK16: =IFERROR(SUM(V16:AE16)/SUM(J16:S16)*100,"NA") -> 164.43415 | AL16: =IFERROR(SUM(AB16:AE16)/SUM(P16:S16)*100,"NA") -> 177.51667 | AM16: =IFERROR(SUM(V16:X16)/SUM(J16:L16)*100,"NA") -> 124.51837 | AN16: =IFERROR(SUM(Y16:AA16)/SUM(M16:O16)*100,"NA") -> 185.69934 | AO16: =IFERROR(SUM(AB16:AD16)/SUM(P16:R16)*100,"NA") -> 171.78975 | AP16: =IFERROR(SUM(AE16:AG16)/SUM(S16:U16)*100,"NA") -> 119.69299 | AQ16: =IFERROR(SUM(V16:AA16)/SUM(J16:O16)*100,"NA") -> 155.73943 | AR16: =IFERROR(SUM(AB16:AG16)/SUM(P16:U16)*100,"NA") -> 143.80421 | AS16: =IFERROR(SUM(V16:AG16)/SUM(J16:U16)*100,"NA") -> 149.40422
B17: Crest | C17: OCM | D17: =Oral!F48 -> 1.4708709 | E17: =Oral!G48 -> 1.8168402 | F17: =Oral!H48 -> 1.6281809 | G17: =Oral!I48 -> 2.5281853 | H17: =Oral!J48 -> 3.1113871 | I17: =Oral!K48 -> 1.7413457 | J17: =Oral!L48 -> 1.5019861 | K17: =Oral!M48 -> 2.8942413 | ... AG17: =Oral!AI48 -> 2.818 | AJ17: =IFERROR(AE17/S17*100,"NA") -> 115.14355 | AK17: =IFERROR(SUM(V17:AE17)/SUM(J17:S17)*100,"NA") -> 117.16633 | AL17: =IFERROR(SUM(AB17:AE17)/SUM(P17:S17)*100,"NA") -> 103.71335 | AM17: =IFERROR(SUM(V17:X17)/SUM(J17:L17)*100,"NA") -> 92.053426 | AN17: =IFERROR(SUM(Y17:AA17)/SUM(M17:O17)*100,"NA") -> 155.11066 | AO17: =IFERROR(SUM(AB17:AD17)/SUM(P17:R17)*100,"NA") -> 99.846116 | AP17: =IFERROR(SUM(AE17:AG17)/SUM(S17:U17)*100,"NA") -> 123.14624 | AQ17: =IFERROR(SUM(V17:AA17)/SUM(J17:O17)*100,"NA") -> 123.65071 | AR17: =IFERROR(SUM(AB17:AG17)/SUM(P17:U17)*100,"NA") -> 111.931 | AS17: =IFERROR(SUM(V17:AG17)/SUM(J17:U17)*100,"NA") -> 118.63476
A18: Offtake | B18: Fem | C18: Total | D18: =Fem!F3 -> 2.7367969 | E18: =Fem!G3 -> 2.8721022 | F18: =Fem!H3 -> 2.8830513 | G18: =Fem!I3 -> 2.3754075 | H18: =Fem!J3 -> 3.2515813 | I18: =Fem!K3 -> 3.1253921 | J18: =Fem!L3 -> 2.1753227 | K18: =Fem!M3 -> 2.4889472 | ... AG18: =Fem!AI3 -> 3.89 | AJ18: =IFERROR(AE18/S18*100,"NA") -> 116.68216 | AK18: =IFERROR(SUM(V18:AE18)/SUM(J18:S18)*100,"NA") -> 115.20173 | AL18: =IFERROR(SUM(AB18:AE18)/SUM(P18:S18)*100,"NA") -> 127.28077 | AM18: =IFERROR(SUM(V18:X18)/SUM(J18:L18)*100,"NA") -> 102.30987 | AN18: =IFERROR(SUM(Y18:AA18)/SUM(M18:O18)*100,"NA") -> 110.24837 | AO18: =IFERROR(SUM(AB18:AD18)/SUM(P18:R18)*100,"NA") -> 130.60204 | AP18: =IFERROR(SUM(AE18:AG18)/SUM(S18:U18)*100,"NA") -> 90.334344 | AQ18: =IFERROR(SUM(V18:AA18)/SUM(J18:O18)*100,"NA") -> 106.78452 | AR18: =IFERROR(SUM(AB18:AG18)/SUM(P18:U18)*100,"NA") -> 106.39007 | AS18: =IFERROR(SUM(V18:AG18)/SUM(J18:U18)*100,"NA") -> 106.55931
B19: Whisper | C19: Ivory | D19: =Fem!F4 -> 1.4023466 | E19: =Fem!G4 -> 1.1811655 | F19: =Fem!H4 -> 1.160464 | G19: =Fem!I4 -> 1.2367935 | H19: =Fem!J4 -> 0.92683128 | I19: =Fem!K4 -> 0.8229503 | J19: =Fem!L4 -> 1.0779941 | K19: =Fem!M4 -> 1.1590808 | ... AG19: =Fem!AI4 -> 0.8 | AJ19: =IFERROR(AE19/S19*100,"NA") -> 102.608 | AK19: =IFERROR(SUM(V19:AE19)/SUM(J19:S19)*100,"NA") -> 110.49543 | AL19: =IFERROR(SUM(AB19:AE19)/SUM(P19:S19)*100,"NA") -> 111.63714 | AM19: =IFERROR(SUM(V19:X19)/SUM(J19:L19)*100,"NA") -> 90.740418 | AN19: =IFERROR(SUM(Y19:AA19)/SUM(M19:O19)*100,"NA") -> 124.13346 | AO19: =IFERROR(SUM(AB19:AD19)/SUM(P19:R19)*100,"NA") -> 114.99128 | AP19: =IFERROR(SUM(AE19:AG19)/SUM(S19:U19)*100,"NA") -> 108.33552 | AQ19: =IFERROR(SUM(V19:AA19)/SUM(J19:O19)*100,"NA") -> 109.7209 | AR19: =IFERROR(SUM(AB19:AG19)/SUM(P19:U19)*100,"NA") -> 111.91366 | AS19: =IFERROR(SUM(V19:AG19)/SUM(J19:U19)*100,"NA") -> 110.77166
B20: Whisper | C20: OVN Pants | D20: =Fem!F5 -> 0.55883643 | E20: =Fem!G5 -> 0.8378271 | F20: =Fem!H5 -> 0.82225735 | G20: =Fem!I5 -> 0.411808 | H20: =Fem!J5 -> 1.4820448 | I20: =Fem!K5 -> 1.5384022 | J20: =Fem!L5 -> 0.5014509 | K20: =Fem!M5 -> 0.60875691 | ... AG20: =Fem!AI5 -> 2.45 | AJ20: =IFERROR(AE20/S20*100,"NA") -> 186.03159 | AK20: =IFERROR(SUM(V20:AE20)/SUM(J20:S20)*100,"NA") -> 172.2054 | AL20: =IFERROR(SUM(AB20:AE20)/SUM(P20:S20)*100,"NA") -> 239.32413 | AM20: =IFERROR(SUM(V20:X20)/SUM(J20:L20)*100,"NA") -> 131.28894 | AN20: =IFERROR(SUM(Y20:AA20)/SUM(M20:O20)*100,"NA") -> 121.03147 | AO20: =IFERROR(SUM(AB20:AD20)/SUM(P20:R20)*100,"NA") -> 254.10399 | AP20: =IFERROR(SUM(AE20:AG20)/SUM(S20:U20)*100,"NA") -> 87.810365 | AQ20: =IFERROR(SUM(V20:AA20)/SUM(J20:O20)*100,"NA") -> 125.69838 | AR20: =IFERROR(SUM(AB20:AG20)/SUM(P20:U20)*100,"NA") -> 124.49212 | AS20: =IFERROR(SUM(V20:AG20)/SUM(J20:U20)*100,"NA") -> 124.84083
B21: Whisper | C21: Premium day | D21: =Fem!F6 -> 0.56522483 | E21: =Fem!G6 -> 0.57272804 | F21: =Fem!H6 -> 0.69025783 | G21: =Fem!I6 -> 0.55431169 | H21: =Fem!J6 -> 0.61951738 | I21: =Fem!K6 -> 0.54217269 | J21: =Fem!L6 -> 0.39921134 | K21: =Fem!M6 -> 0.47733278 | ... AG21: =Fem!AI6 -> 0.54 | AJ21: =IFERROR(AE21/S21*100,"NA") -> 96.798004 | AK21: =IFERROR(SUM(V21:AE21)/SUM(J21:S21)*100,"NA") -> 90.901417 | AL21: =IFERROR(SUM(AB21:AE21)/SUM(P21:S21)*100,"NA") -> 80.481816 | AM21: =IFERROR(SUM(V21:X21)/SUM(J21:L21)*100,"NA") -> 101.8977 | AN21: =IFERROR(SUM(Y21:AA21)/SUM(M21:O21)*100,"NA") -> 96.940949 | AO21: =IFERROR(SUM(AB21:AD21)/SUM(P21:R21)*100,"NA") -> 76.078119 | AP21: =IFERROR(SUM(AE21:AG21)/SUM(S21:U21)*100,"NA") -> 81.872808 | AQ21: =IFERROR(SUM(V21:AA21)/SUM(J21:O21)*100,"NA") -> 98.974364 | AR21: =IFERROR(SUM(AB21:AG21)/SUM(P21:U21)*100,"NA") -> 78.951852 | AS21: =IFERROR(SUM(V21:AG21)/SUM(J21:U21)*100,"NA") -> 88.010303
B22: Whisper | C22: OVN Pads | D22: =Fem!F7 -> 0.13845495 | E22: =Fem!G7 -> 0.14847617 | F22: =Fem!H7 -> 0.13136966 | G22: =Fem!I7 -> 0.10160958 | H22: =Fem!J7 -> 0.09878543 | I22: =Fem!K7 -> 0.09646766 | J22: =Fem!L7 -> 0.10474187 | K22: =Fem!M7 -> 0.09927894 | ... AG22: =Fem!AI7 -> 0 | AJ22: =IFERROR(AE22/S22*100,"NA") -> 36.369213 | AK22: =IFERROR(SUM(V22:AE22)/SUM(J22:S22)*100,"NA") -> 33.247822 | AL22: =IFERROR(SUM(AB22:AE22)/SUM(P22:S22)*100,"NA") -> 11.652816 | AM22: =IFERROR(SUM(V22:X22)/SUM(J22:L22)*100,"NA") -> 91.168913 | AN22: =IFERROR(SUM(Y22:AA22)/SUM(M22:O22)*100,"NA") -> 8.7838345 | AO22: =IFERROR(SUM(AB22:AD22)/SUM(P22:R22)*100,"NA") -> 6.05796 | AP22: =IFERROR(SUM(AE22:AG22)/SUM(S22:U22)*100,"NA") -> 9.8417492 | AQ22: =IFERROR(SUM(V22:AA22)/SUM(J22:O22)*100,"NA") -> 46.138553 | AR22: =IFERROR(SUM(AB22:AG22)/SUM(P22:U22)*100,"NA") -> 7.7814217 | AS22: =IFERROR(SUM(V22:AG22)/SUM(J22:U22)*100,"NA") -> 28.03425
B23: Whisper | C23: Other | D23: =Fem!F8 -> 0.071934085 | E23: =Fem!G8 -> 0.13190539 | F23: =Fem!H8 -> 0.0787025 | G23: =Fem!I8 -> 0.070884718 | H23: =Fem!J8 -> 0.12440242 | I23: =Fem!K8 -> 0.12539932 | J23: =Fem!L8 -> 0.09192452 | K23: =Fem!M8 -> 0.14449779 | ... AG23: =Fem!AI8 -> 0.1 | AJ23: =IFERROR(AE23/S23*100,"NA") -> 111.36713 | AK23: =IFERROR(SUM(V23:AE23)/SUM(J23:S23)*100,"NA") -> 84.640894 | AL23: =IFERROR(SUM(AB23:AE23)/SUM(P23:S23)*100,"NA") -> 83.92035 | AM23: =IFERROR(SUM(V23:X23)/SUM(J23:L23)*100,"NA") -> 83.452431 | AN23: =IFERROR(SUM(Y23:AA23)/SUM(M23:O23)*100,"NA") -> 86.719301 | AO23: =IFERROR(SUM(AB23:AD23)/SUM(P23:R23)*100,"NA") -> 75.961396 | AP23: =IFERROR(SUM(AE23:AG23)/SUM(S23:U23)*100,"NA") -> 105.53187 | AQ23: =IFERROR(SUM(V23:AA23)/SUM(J23:O23)*100,"NA") -> 85.080815 | AR23: =IFERROR(SUM(AB23:AG23)/SUM(P23:U23)*100,"NA") -> 89.481165 | AS23: =IFERROR(SUM(V23:AG23)/SUM(J23:U23)*100,"NA") -> 87.130502
A24: Offtake | B24: Home | C24: Total | D24: =Home!F3 -> 4.0659284 | E24: =Home!G3 -> 2.3311652 | F24: =Home!H3 -> 1.5093453 | G24: =Home!I3 -> 1.4853937 | H24: =Home!J3 -> 1.1837526 | I24: =Home!K3 -> 1.8465216 | J24: =Home!L3 -> 2.353358 | K24: =Home!M3 -> 1.9243719 | ... AG24: =Home!AI3 -> 2.46052 | AJ24: =IFERROR(AE24/S24*100,"NA") -> 119.9725 | AK24: =IFERROR(SUM(V24:AE24)/SUM(J24:S24)*100,"NA") -> 81.895548 | AL24: =IFERROR(SUM(AB24:AE24)/SUM(P24:S24)*100,"NA") -> 59.980211 | AM24: =IFERROR(SUM(V24:X24)/SUM(J24:L24)*100,"NA") -> 91.67876 | AN24: =IFERROR(SUM(Y24:AA24)/SUM(M24:O24)*100,"NA") -> 94.615713 | AO24: =IFERROR(SUM(AB24:AD24)/SUM(P24:R24)*100,"NA") -> 47.094828 | AP24: =IFERROR(SUM(AE24:AG24)/SUM(S24:U24)*100,"NA") -> 102.92728 | AQ24: =IFERROR(SUM(V24:AA24)/SUM(J24:O24)*100,"NA") -> 93.101988 | AR24: =IFERROR(SUM(AB24:AG24)/SUM(P24:U24)*100,"NA") -> 75.569705 | AS24: =IFERROR(SUM(V24:AG24)/SUM(J24:U24)*100,"NA") -> 85.000369
B25: Febreze | C25: Fabric Refresher | D25: =Home!F4 -> 2.6582155 | E25: =Home!G4 -> 0.4919301 | F25: =Home!H4 -> 0.3923011 | G25: =Home!I4 -> 0.38172873 | H25: =Home!J4 -> 0.47144285 | I25: =Home!K4 -> 1.4026337 | J25: =Home!L4 -> 2.0537536 | K25: =Home!M4 -> 0.85026768 | ... AG25: =Home!AI4 -> 1.1034 | AJ25: =IFERROR(AE25/S25*100,"NA") -> 127.68774 | AK25: =IFERROR(SUM(V25:AE25)/SUM(J25:S25)*100,"NA") -> 76.792387 | AL25: =IFERROR(SUM(AB25:AE25)/SUM(P25:S25)*100,"NA") -> 73.601092 | AM25: =IFERROR(SUM(V25:X25)/SUM(J25:L25)*100,"NA") -> 71.555143 | AN25: =IFERROR(SUM(Y25:AA25)/SUM(M25:O25)*100,"NA") -> 85.311522 | AO25: =IFERROR(SUM(AB25:AD25)/SUM(P25:R25)*100,"NA") -> 66.162039 | AP25: =IFERROR(SUM(AE25:AG25)/SUM(S25:U25)*100,"NA") -> 77.488378 | AQ25: =IFERROR(SUM(V25:AA25)/SUM(J25:O25)*100,"NA") -> 77.93894 | AR25: =IFERROR(SUM(AB25:AG25)/SUM(P25:U25)*100,"NA") -> 72.705509 | AS25: =IFERROR(SUM(V25:AG25)/SUM(J25:U25)*100,"NA") -> 75.69958
B26: Febreze | C26: Merlion | D26: =Home!F5 -> 1.4077129 | E26: =Home!G5 -> 1.8392351 | F26: =Home!H5 -> 1.1170442 | G26: =Home!I5 -> 1.103665 | H26: =Home!J5 -> 0.71230977 | I26: =Home!K5 -> 0.44388784 | J26: =Home!L5 -> 0.29960433 | K26: =Home!M5 -> 1.0741042 | ... AG26: =Home!AI5 -> 1.35712 | AJ26: =IFERROR(AE26/S26*100,"NA") -> 117.1165 | AK26: =IFERROR(SUM(V26:AE26)/SUM(J26:S26)*100,"NA") -> 87.116795 | AL26: =IFERROR(SUM(AB26:AE26)/SUM(P26:S26)*100,"NA") -> 51.084608 | AM26: =IFERROR(SUM(V26:X26)/SUM(J26:L26)*100,"NA") -> 120.0107 | AN26: =IFERROR(SUM(Y26:AA26)/SUM(M26:O26)*100,"NA") -> 105.47114 | AO26: =IFERROR(SUM(AB26:AD26)/SUM(P26:R26)*100,"NA") -> 33.179608 | AP26: =IFERROR(SUM(AE26:AG26)/SUM(S26:U26)*100,"NA") -> 134.59706 | AQ26: =IFERROR(SUM(V26:AA26)/SUM(J26:O26)*100,"NA") -> 112.58141 | AR26: =IFERROR(SUM(AB26:AG26)/SUM(P26:U26)*100,"NA") -> 78.316657 | AS26: =IFERROR(SUM(V26:AG26)/SUM(J26:U26)*100,"NA") -> 95.433197
A27: Offtake | B27: Skin | C27: Total | D27: =Skin!F3 -> 3.776986 | E27: =Skin!G3 -> 5.4227941 | F27: =Skin!H3 -> 3.9762773 | G27: =Skin!I3 -> 2.9057808 | H27: =Skin!J3 -> 3.8329953 | I27: =Skin!K3 -> 3.5466867 | J27: =Skin!L3 -> 4.8695032 | K27: =Skin!M3 -> 3.7218803 | ... AG27: =Skin!AI3 -> 9.15 | AJ27: =IFERROR(AE27/S27*100,"NA") -> 109.52049 | AK27: =IFERROR(SUM(V27:AE27)/SUM(J27:S27)*100,"NA") -> 135.51984 | AL27: =IFERROR(SUM(AB27:AE27)/SUM(P27:S27)*100,"NA") -> 111.51472 | AM27: =IFERROR(SUM(V27:X27)/SUM(J27:L27)*100,"NA") -> 126.66602 | AN27: =IFERROR(SUM(Y27:AA27)/SUM(M27:O27)*100,"NA") -> 178.8049 | AO27: =IFERROR(SUM(AB27:AD27)/SUM(P27:R27)*100,"NA") -> 112.27082 | AP27: =IFERROR(SUM(AE27:AG27)/SUM(S27:U27)*100,"NA") -> 109.67712 | AQ27: =IFERROR(SUM(V27:AA27)/SUM(J27:O27)*100,"NA") -> 153.79244 | AR27: =IFERROR(SUM(AB27:AG27)/SUM(P27:U27)*100,"NA") -> 110.77291 | AS27: =IFERROR(SUM(V27:AG27)/SUM(J27:U27)*100,"NA") -> 129.42507
B28: Olay | C28: RG | D28: =Skin!F4 -> 1.6345184 | E28: =Skin!G4 -> 1.8170267 | F28: =Skin!H4 -> 0.62381007 | G28: =Skin!I4 -> 0.53393293 | H28: =Skin!J4 -> 0.68026902 | I28: =Skin!K4 -> 0.44490422 | J28: =Skin!L4 -> 0.41393447 | K28: =Skin!M4 -> 0.82545993 | ... AG28: =Skin!AI4 -> 1 | AJ28: =IFERROR(AE28/S28*100,"NA") -> 49.078788 | AK28: =IFERROR(SUM(V28:AE28)/SUM(J28:S28)*100,"NA") -> 73.341511 | AL28: =IFERROR(SUM(AB28:AE28)/SUM(P28:S28)*100,"NA") -> 44.250571 | AM28: =IFERROR(SUM(V28:X28)/SUM(J28:L28)*100,"NA") -> 138.0293 | AN28: =IFERROR(SUM(Y28:AA28)/SUM(M28:O28)*100,"NA") -> 79.005608 | AO28: =IFERROR(SUM(AB28:AD28)/SUM(P28:R28)*100,"NA") -> 42.750068 | AP28: =IFERROR(SUM(AE28:AG28)/SUM(S28:U28)*100,"NA") -> 51.828915 | AQ28: =IFERROR(SUM(V28:AA28)/SUM(J28:O28)*100,"NA") -> 106.05268 | AR28: =IFERROR(SUM(AB28:AG28)/SUM(P28:U28)*100,"NA") -> 47.590367 | AS28: =IFERROR(SUM(V28:AG28)/SUM(J28:U28)*100,"NA") -> 68.193965
B29: Olay | C29: RG T&E | D29: =Skin!F5 -> 0.34007665 | E29: =Skin!G5 -> 0.36814122 | F29: =Skin!H5 -> 0.17168918 | G29: =Skin!I5 -> 0.17499089 | H29: =Skin!J5 -> 0.2096589 | I29: =Skin!K5 -> 0.1320686 | J29: =Skin!L5 -> 0.10950688 | K29: =Skin!M5 -> 0.75195251 | ... AG29: =Skin!AI5 -> 0.65 | AJ29: =IFERROR(AE29/S29*100,"NA") -> 76.78514 | AK29: =IFERROR(SUM(V29:AE29)/SUM(J29:S29)*100,"NA") -> 74.866258 | AL29: =IFERROR(SUM(AB29:AE29)/SUM(P29:S29)*100,"NA") -> 58.592738 | AM29: =IFERROR(SUM(V29:X29)/SUM(J29:L29)*100,"NA") -> 101.55644 | AN29: =IFERROR(SUM(Y29:AA29)/SUM(M29:O29)*100,"NA") -> 82.817615 | AO29: =IFERROR(SUM(AB29:AD29)/SUM(P29:R29)*100,"NA") -> 53.730636 | AP29: =IFERROR(SUM(AE29:AG29)/SUM(S29:U29)*100,"NA") -> 67.746819 | AQ29: =IFERROR(SUM(V29:AA29)/SUM(J29:O29)*100,"NA") -> 89.476735 | AR29: =IFERROR(SUM(AB29:AG29)/SUM(P29:U29)*100,"NA") -> 60.239582 | AS29: =IFERROR(SUM(V29:AG29)/SUM(J29:U29)*100,"NA") -> 72.827064
B30: Olay | C30: Magic | D30: =Skin!F6 -> 0 | E30: =Skin!G6 -> 0 | F30: =Skin!H6 -> 0 | G30: =Skin!I6 -> 0 | H30: =Skin!J6 -> 0 | I30: =Skin!K6 -> 0 | J30: =Skin!L6 -> 0 | K30: =Skin!M6 -> 0 | ... AG30: =Skin!AI6 -> 1.8 | AJ30: =IFERROR(AE30/S30*100,"NA") -> NA | AK30: =IFERROR(SUM(V30:AE30)/SUM(J30:S30)*100,"NA") -> NA | AL30: =IFERROR(SUM(AB30:AE30)/SUM(P30:S30)*100,"NA") -> NA | AM30: =IFERROR(SUM(V30:X30)/SUM(J30:L30)*100,"NA") -> NA | AN30: =IFERROR(SUM(Y30:AA30)/SUM(M30:O30)*100,"NA") -> NA | AO30: =IFERROR(SUM(AB30:AD30)/SUM(P30:R30)*100,"NA") -> NA | AP30: =IFERROR(SUM(AE30:AG30)/SUM(S30:U30)*100,"NA") -> NA | AQ30: =IFERROR(SUM(V30:AA30)/SUM(J30:O30)*100,"NA") -> NA | AR30: =IFERROR(SUM(AB30:AG30)/SUM(P30:U30)*100,"NA") -> NA | AS30: =IFERROR(SUM(V30:AG30)/SUM(J30:U30)*100,"NA") -> NA
B31: Olay | C31: WR | D31: =Skin!F7 -> 0.93422827 | E31: =Skin!G7 -> 2.1415075 | F31: =Skin!H7 -> 2.3207923 | G31: =Skin!I7 -> 1.3661058 | H31: =Skin!J7 -> 1.7731532 | I31: =Skin!K7 -> 2.1702833 | J31: =Skin!L7 -> 3.6342716 | K31: =Skin!M7 -> 1.2701596 | ... AG31: =Skin!AI7 -> 2 | AJ31: =IFERROR(AE31/S31*100,"NA") -> 55.940207 | AK31: =IFERROR(SUM(V31:AE31)/SUM(J31:S31)*100,"NA") -> 108.19696 | AL31: =IFERROR(SUM(AB31:AE31)/SUM(P31:S31)*100,"NA") -> 67.657338 | AM31: =IFERROR(SUM(V31:X31)/SUM(J31:L31)*100,"NA") -> 138.71767 | AN31: =IFERROR(SUM(Y31:AA31)/SUM(M31:O31)*100,"NA") -> 125.6801 | AO31: =IFERROR(SUM(AB31:AD31)/SUM(P31:R31)*100,"NA") -> 74.353379 | AP31: =IFERROR(SUM(AE31:AG31)/SUM(S31:U31)*100,"NA") -> 42.765203 | AQ31: =IFERROR(SUM(V31:AA31)/SUM(J31:O31)*100,"NA") -> 132.84346 | AR31: =IFERROR(SUM(AB31:AG31)/SUM(P31:U31)*100,"NA") -> 52.731952 | AS31: =IFERROR(SUM(V31:AG31)/SUM(J31:U31)*100,"NA") -> 88.718724
B32: Olay | C32: OLAYII | D32: =Skin!F8 -> 0.86816265 | E32: =Skin!G8 -> 1.0961188 | F32: =Skin!H8 -> 0.8599857 | G32: =Skin!I8 -> 0.8307512 | H32: =Skin!J8 -> 1.1699142 | I32: =Skin!K8 -> 0.79943056 | J32: =Skin!L8 -> 0.71179033 | K32: =Skin!M8 -> 0.87430824 | ... AG32: =Skin!AI8 -> 0.7 | AJ32: =IFERROR(AE32/S32*100,"NA") -> 94.841461 | AK32: =IFERROR(SUM(V32:AE32)/SUM(J32:S32)*100,"NA") -> 87.828901 | AL32: =IFERROR(SUM(AB32:AE32)/SUM(P32:S32)*100,"NA") -> 81.026509 | AM32: =IFERROR(SUM(V32:X32)/SUM(J32:L32)*100,"NA") -> 90.122923 | AN32: =IFERROR(SUM(Y32:AA32)/SUM(M32:O32)*100,"NA") -> 93.845322 | AO32: =IFERROR(SUM(AB32:AD32)/SUM(P32:R32)*100,"NA") -> 77.149905 | AP32: =IFERROR(SUM(AE32:AG32)/SUM(S32:U32)*100,"NA") -> 89.74305 | AQ32: =IFERROR(SUM(V32:AA32)/SUM(J32:O32)*100,"NA") -> 92.18649 | AR32: =IFERROR(SUM(AB32:AG32)/SUM(P32:U32)*100,"NA") -> 83.094731 | AS32: =IFERROR(SUM(V32:AG32)/SUM(J32:U32)*100,"NA") -> 87.763099
B33: Olay | C33: Pro-X | AE33: =Skin!AG9 -> 0 | AF33: =Skin!AH9 -> 1 | AG33: =Skin!AI9 -> 3 | AJ33: =IFERROR(AE33/S33*100,"NA") -> NA | AK33: =IFERROR(SUM(V33:AE33)/SUM(J33:S33)*100,"NA") -> NA | AL33: =IFERROR(SUM(AB33:AE33)/SUM(P33:S33)*100,"NA") -> NA | AM33: =IFERROR(SUM(V33:X33)/SUM(J33:L33)*100,"NA") -> NA | AN33: =IFERROR(SUM(Y33:AA33)/SUM(M33:O33)*100,"NA") -> NA | AO33: =IFERROR(SUM(AB33:AD33)/SUM(P33:R33)*100,"NA") -> NA | AP33: =IFERROR(SUM(AE33:AG33)/SUM(S33:U33)*100,"NA") -> NA | AQ33: =IFERROR(SUM(V33:AA33)/SUM(J33:O33)*100,"NA") -> NA | AR33: =IFERROR(SUM(AB33:AG33)/SUM(P33:U33)*100,"NA") -> NA | AS33: =IFERROR(SUM(V33:AG33)/SUM(J33:U33)*100,"NA") -> NA
A34: Offtake | B34: Shave | C34: Total | D34: =Shave!F3 -> 0.84207448 | E34: =Shave!G3 -> 1.195544 | F34: =Shave!H3 -> 0.74396439 | G34: =Shave!I3 -> 0.81556211 | H34: =Shave!J3 -> 1.0207331 | I34: =Shave!K3 -> 0.79918778 | J34: =Shave!L3 -> 0.80561642 | K34: =Shave!M3 -> 1.0013544 | ... AG34: =Shave!AI3 -> 1.0024509 | AJ34: =IFERROR(AE34/S34*100,"NA") -> 128.49922 | AK34: =IFERROR(SUM(V34:AE34)/SUM(J34:S34)*100,"NA") -> 109.36445 | AL34: =IFERROR(SUM(AB34:AE34)/SUM(P34:S34)*100,"NA") -> 104.05968 | AM34: =IFERROR(SUM(V34:X34)/SUM(J34:L34)*100,"NA") -> 109.43166 | AN34: =IFERROR(SUM(Y34:AA34)/SUM(M34:O34)*100,"NA") -> 116.77722 | AO34: =IFERROR(SUM(AB34:AD34)/SUM(P34:R34)*100,"NA") -> 97.084797 | AP34: =IFERROR(SUM(AE34:AG34)/SUM(S34:U34)*100,"NA") -> 108.84865 | AQ34: =IFERROR(SUM(V34:AA34)/SUM(J34:O34)*100,"NA") -> 113.25913 | AR34: =IFERROR(SUM(AB34:AG34)/SUM(P34:U34)*100,"NA") -> 102.75486 | AS34: =IFERROR(SUM(V34:AG34)/SUM(J34:U34)*100,"NA") -> 107.75062
A35: Sell-Thru | B35: Total | C35: Total | D35: =SUM(D36,D41,D47,D51,D57,D60,D67) -> 30.327188 | E35: =SUM(E36,E41,E47,E51,E57,E60,E67) -> 27.337312 | F35: =SUM(F36,F41,F47,F51,F57,F60,F67) -> 25.749337 | G35: =SUM(G36,G41,G47,G51,G57,G60,G67) -> 23.580707 | H35: =SUM(H36,H41,H47,H51,H57,H60,H67) -> 31.153656 | I35: =SUM(I36,I41,I47,I51,I57,I60,I67) -> 25.84648 | J35: =SUM(J36,J41,J47,J51,J57,J60,J67) -> 37.724341 | K35: =SUM(K36,K41,K47,K51,K57,K60,K67) -> 24.662676 | ... AG35: =SUM(AG36,AG41,AG47,AG51,AG57,AG60,AG67) -> 44.967479 | AJ35: =IFERROR(AE35/S35*100,"NA") -> 53.942773 | AK35: =IFERROR(SUM(V35:AE35)/SUM(J35:S35)*100,"NA") -> 112.77574 | AL35: =IFERROR(SUM(AB35:AE35)/SUM(P35:S35)*100,"NA") -> 90.35071 | AM35: =IFERROR(SUM(V35:X35)/SUM(J35:L35)*100,"NA") -> 131.7174 | AN35: =IFERROR(SUM(Y35:AA35)/SUM(M35:O35)*100,"NA") -> 126.64238 | AO35: =IFERROR(SUM(AB35:AD35)/SUM(P35:R35)*100,"NA") -> 107.98024 | AP35: =IFERROR(SUM(AE35:AG35)/SUM(S35:U35)*100,"NA") -> 119.69611 | AQ35: =IFERROR(SUM(V35:AA35)/SUM(J35:O35)*100,"NA") -> 128.95275 | AR35: =IFERROR(SUM(AB35:AG35)/SUM(P35:U35)*100,"NA") -> 114.3125 | AS35: =IFERROR(SUM(V35:AG35)/SUM(J35:U35)*100,"NA") -> 121.42732
A36: Sell-Thru | B36: Hair | C36: Total | D36: =Hair!F4 -> 9.7945465 | E36: =Hair!G4 -> 6.2381746 | F36: =Hair!H4 -> 7.8761366 | G36: =Hair!I4 -> 5.1384893 | H36: =Hair!J4 -> 10.926275 | I36: =Hair!K4 -> 6.5666194 | J36: =Hair!L4 -> 8.0995559 | K36: =Hair!M4 -> 6.3692824 | ... AG36: =Hair!AI4 -> 14.6197 | AJ36: =IFERROR(AE36/S36*100,"NA") -> 77.39681 | AK36: =IFERROR(SUM(V36:AE36)/SUM(J36:S36)*100,"NA") -> 128.2623 | AL36: =IFERROR(SUM(AB36:AE36)/SUM(P36:S36)*100,"NA") -> 120.96407 | AM36: =IFERROR(SUM(V36:X36)/SUM(J36:L36)*100,"NA") -> 138.42212 | AN36: =IFERROR(SUM(Y36:AA36)/SUM(M36:O36)*100,"NA") -> 129.91 | AO36: =IFERROR(SUM(AB36:AD36)/SUM(P36:R36)*100,"NA") -> 141.89331 | AP36: =IFERROR(SUM(AE36:AG36)/SUM(S36:U36)*100,"NA") -> 138.40585 | AQ36: =IFERROR(SUM(V36:AA36)/SUM(J36:O36)*100,"NA") -> 133.34775 | AR36: =IFERROR(SUM(AB36:AG36)/SUM(P36:U36)*100,"NA") -> 139.98218 | AS36: =IFERROR(SUM(V36:AG36)/SUM(J36:U36)*100,"NA") -> 136.73216
B37: HNS | C37: HNS | D37: =Hair!F24 -> 1.2118073 | E37: =Hair!G24 -> 1.1418995 | F37: =Hair!H24 -> 1.5661167 | G37: =Hair!I24 -> 0.98512224 | H37: =Hair!J24 -> 3.4274797 | I37: =Hair!K24 -> 1.3125103 | J37: =Hair!L24 -> 2.503759 | K37: =Hair!M24 -> 0.78586634 | ... AG37: =Hair!AI24 -> 2.49 | AJ37: =IFERROR(AE37/S37*100,"NA") -> 31.82573 | AK37: =IFERROR(SUM(V37:AE37)/SUM(J37:S37)*100,"NA") -> 102.21504 | AL37: =IFERROR(SUM(AB37:AE37)/SUM(P37:S37)*100,"NA") -> 96.404858 | AM37: =IFERROR(SUM(V37:X37)/SUM(J37:L37)*100,"NA") -> 106.91484 | AN37: =IFERROR(SUM(Y37:AA37)/SUM(M37:O37)*100,"NA") -> 107.5161 | AO37: =IFERROR(SUM(AB37:AD37)/SUM(P37:R37)*100,"NA") -> 178.73163 | AP37: =IFERROR(SUM(AE37:AG37)/SUM(S37:U37)*100,"NA") -> 75.479014 | AQ37: =IFERROR(SUM(V37:AA37)/SUM(J37:O37)*100,"NA") -> 107.25253 | AR37: =IFERROR(SUM(AB37:AG37)/SUM(P37:U37)*100,"NA") -> 106.03162 | AS37: =IFERROR(SUM(V37:AG37)/SUM(J37:U37)*100,"NA") -> 106.56522
B38: PTN | C38: PTN | D38: =Hair!F63 -> 2.9362766 | E38: =Hair!G63 -> 2.0315401 | F38: =Hair!H63 -> 4.2586452 | G38: =Hair!I63 -> 2.4166023 | H38: =Hair!J63 -> 2.4171462 | I38: =Hair!K63 -> 3.1386365 | J38: =Hair!L63 -> 2.5800147 | K38: =Hair!M63 -> 2.7070763 | ... AG38: =Hair!AI63 -> 4.4025 | AJ38: =IFERROR(AE38/S38*100,"NA") -> 79.319678 | AK38: =IFERROR(SUM(V38:AE38)/SUM(J38:S38)*100,"NA") -> 129.42266 | AL38: =IFERROR(SUM(AB38:AE38)/SUM(P38:S38)*100,"NA") -> 154.58406 | AM38: =IFERROR(SUM(V38:X38)/SUM(J38:L38)*100,"NA") -> 163.73872 | AN38: =IFERROR(SUM(Y38:AA38)/SUM(M38:O38)*100,"NA") -> 89.698566 | AO38: =IFERROR(SUM(AB38:AD38)/SUM(P38:R38)*100,"NA") -> 194.61056 | AP38: =IFERROR(SUM(AE38:AG38)/SUM(S38:U38)*100,"NA") -> 130.10535 | AQ38: =IFERROR(SUM(V38:AA38)/SUM(J38:O38)*100,"NA") -> 116.00847 | AR38: =IFERROR(SUM(AB38:AG38)/SUM(P38:U38)*100,"NA") -> 155.48735 | AS38: =IFERROR(SUM(V38:AG38)/SUM(J38:U38)*100,"NA") -> 134.53798
B39: Pert | C39: Pert | D39: =Hair!F93 -> 0.1970903 | E39: =Hair!G93 -> 0.9277614 | F39: =Hair!H93 -> 0.6433691 | G39: =Hair!I93 -> 0.3942249 | H39: =Hair!J93 -> 0.4704229 | I39: =Hair!K93 -> 0.3001885 | J39: =Hair!L93 -> 1.0208628 | K39: =Hair!M93 -> 0.6890876 | ... AG39: =Hair!AI93 -> 1.4272 | AJ39: =IFERROR(AE39/S39*100,"NA") -> 127.40464 | AK39: =IFERROR(SUM(V39:AE39)/SUM(J39:S39)*100,"NA") -> 74.909692 | AL39: =IFERROR(SUM(AB39:AE39)/SUM(P39:S39)*100,"NA") -> 112.09903 | AM39: =IFERROR(SUM(V39:X39)/SUM(J39:L39)*100,"NA") -> 100.5317 | AN39: =IFERROR(SUM(Y39:AA39)/SUM(M39:O39)*100,"NA") -> 43.581288 | AO39: =IFERROR(SUM(AB39:AD39)/SUM(P39:R39)*100,"NA") -> 107.50615 | AP39: =IFERROR(SUM(AE39:AG39)/SUM(S39:U39)*100,"NA") -> 213.18313 | AQ39: =IFERROR(SUM(V39:AA39)/SUM(J39:O39)*100,"NA") -> 68.682053 | AR39: =IFERROR(SUM(AB39:AG39)/SUM(P39:U39)*100,"NA") -> 168.52592 | AS39: =IFERROR(SUM(V39:AG39)/SUM(J39:U39)*100,"NA") -> 92.005877
B40: HR | C40: HR | D40: =Hair!F114 -> 5.4493724 | E40: =Hair!G114 -> 2.1369736 | F40: =Hair!H114 -> 1.4080056 | G40: =Hair!I114 -> 1.3425398 | H40: =Hair!J114 -> 4.6112264 | I40: =Hair!K114 -> 1.8152841 | J40: =Hair!L114 -> 1.9949193 | K40: =Hair!M114 -> 2.1872521 | ... AG40: =Hair!AI114 -> 6.3 | AJ40: =IFERROR(AE40/S40*100,"NA") -> 137.00669 | AK40: =IFERROR(SUM(V40:AE40)/SUM(J40:S40)*100,"NA") -> 150.53205 | AL40: =IFERROR(SUM(AB40:AE40)/SUM(P40:S40)*100,"NA") -> 108.44591 | AM40: =IFERROR(SUM(V40:X40)/SUM(J40:L40)*100,"NA") -> 139.45742 | AN40: =IFERROR(SUM(Y40:AA40)/SUM(M40:O40)*100,"NA") -> 233.77102 | AO40: =IFERROR(SUM(AB40:AD40)/SUM(P40:R40)*100,"NA") -> 101.53227 | AP40: =IFERROR(SUM(AE40:AG40)/SUM(S40:U40)*100,"NA") -> 201.57285 | AQ40: =IFERROR(SUM(V40:AA40)/SUM(J40:O40)*100,"NA") -> 192.22581 | AR40: =IFERROR(SUM(AB40:AG40)/SUM(P40:U40)*100,"NA") -> 142.28612 | AS40: =IFERROR(SUM(V40:AG40)/SUM(J40:U40)*100,"NA") -> 163.5744
A41: Sell-Thru | B41: Fabric | C41: Total | D41: =Fabric!F21 -> 3.6757136 | E41: =Fabric!G21 -> 7.6111533 | F41: =Fabric!H21 -> 2.688969 | G41: =Fabric!I21 -> 6.3776531 | H41: =Fabric!J21 -> 3.1063315 | I41: =Fabric!K21 -> 3.8394554 | J41: =Fabric!L21 -> 6.9030455 | K41: =Fabric!M21 -> 1.5553889 | ... AG41: =Fabric!AI21 -> 6.16 | AJ41: =IFERROR(AE41/S41*100,"NA") -> 30.057917 | AK41: =IFERROR(SUM(V41:AE41)/SUM(J41:S41)*100,"NA") -> 87.398706 | AL41: =IFERROR(SUM(AB41:AE41)/SUM(P41:S41)*100,"NA") -> 44.488324 | AM41: =IFERROR(SUM(V41:X41)/SUM(J41:L41)*100,"NA") -> 98.298104 | AN41: =IFERROR(SUM(Y41:AA41)/SUM(M41:O41)*100,"NA") -> 132.64444 | AO41: =IFERROR(SUM(AB41:AD41)/SUM(P41:R41)*100,"NA") -> 49.75547 | AP41: =IFERROR(SUM(AE41:AG41)/SUM(S41:U41)*100,"NA") -> 101.68416 | AQ41: =IFERROR(SUM(V41:AA41)/SUM(J41:O41)*100,"NA") -> 119.79385 | AR41: =IFERROR(SUM(AB41:AG41)/SUM(P41:U41)*100,"NA") -> 75.358783 | AS41: =IFERROR(SUM(V41:AG41)/SUM(J41:U41)*100,"NA") -> 96.609622
B42: Ariel | C42: Total | D42: =Fabric!F22 -> 3.42912 | E42: =Fabric!G22 -> 6.7302243 | F42: =Fabric!H22 -> 2.2357586 | G42: =Fabric!I22 -> 4.0169942 | H42: =Fabric!J22 -> 2.3349457 | I42: =Fabric!K22 -> 3.2850305 | J42: =Fabric!L22 -> 4.1926867 | K42: =Fabric!M22 -> 1.1912665 | ... AG42: =Fabric!AI22 -> 2.6 | AJ42: =IFERROR(AE42/S42*100,"NA") -> 36.594995 | AK42: =IFERROR(SUM(V42:AE42)/SUM(J42:S42)*100,"NA") -> 97.201159 | AL42: =IFERROR(SUM(AB42:AE42)/SUM(P42:S42)*100,"NA") -> 37.759831 | AM42: =IFERROR(SUM(V42:X42)/SUM(J42:L42)*100,"NA") -> 104.25978 | AN42: =IFERROR(SUM(Y42:AA42)/SUM(M42:O42)*100,"NA") -> 170.88121 | AO42: =IFERROR(SUM(AB42:AD42)/SUM(P42:R42)*100,"NA") -> 38.18911 | AP42: =IFERROR(SUM(AE42:AG42)/SUM(S42:U42)*100,"NA") -> 108.6469 | AQ42: =IFERROR(SUM(V42:AA42)/SUM(J42:O42)*100,"NA") -> 146.42194 | AR42: =IFERROR(SUM(AB42:AG42)/SUM(P42:U42)*100,"NA") -> 70.425679 | AS42: =IFERROR(SUM(V42:AG42)/SUM(J42:U42)*100,"NA") -> 106.35097
B43: Ariel | C43: Ariel LIQ | D43: =Fabric!F23 -> 0.72447558 | E43: =Fabric!G23 -> 1.2140414 | F43: =Fabric!H23 -> 0.31423078 | G43: =Fabric!I23 -> 1.3133819 | H43: =Fabric!J23 -> 1.0246359 | I43: =Fabric!K23 -> 0.8386267 | J43: =Fabric!L23 -> 0.69514387 | K43: =Fabric!M23 -> 0.73106665 | ... AG43: =Fabric!AI23 -> 1 | AJ43: =IFERROR(AE43/S43*100,"NA") -> 38.802752 | AK43: =IFERROR(SUM(V43:AE43)/SUM(J43:S43)*100,"NA") -> 99.484155 | AL43: =IFERROR(SUM(AB43:AE43)/SUM(P43:S43)*100,"NA") -> 42.653237 | AM43: =IFERROR(SUM(V43:X43)/SUM(J43:L43)*100,"NA") -> 117.23121 | AN43: =IFERROR(SUM(Y43:AA43)/SUM(M43:O43)*100,"NA") -> 191.91971 | AO43: =IFERROR(SUM(AB43:AD43)/SUM(P43:R43)*100,"NA") -> 43.895991 | AP43: =IFERROR(SUM(AE43:AG43)/SUM(S43:U43)*100,"NA") -> 99.946 | AQ43: =IFERROR(SUM(V43:AA43)/SUM(J43:O43)*100,"NA") -> 157.52365 | AR43: =IFERROR(SUM(AB43:AG43)/SUM(P43:U43)*100,"NA") -> 66.565415 | AS43: =IFERROR(SUM(V43:AG43)/SUM(J43:U43)*100,"NA") -> 106.17431
B44: Ariel | C44: Ariel SUD | D44: =Fabric!F24 -> 2.7046444 | E44: =Fabric!G24 -> 5.5161829 | F44: =Fabric!H24 -> 1.9215278 | G44: =Fabric!I24 -> 2.7036123 | H44: =Fabric!J24 -> 1.3103098 | I44: =Fabric!K24 -> 2.4464038 | J44: =Fabric!L24 -> 3.4975428 | K44: =Fabric!M24 -> 0.46019988 | ... AG44: =Fabric!AI24 -> 1.6 | AJ44: =IFERROR(AE44/S44*100,"NA") -> 35.869654 | AK44: =IFERROR(SUM(V44:AE44)/SUM(J44:S44)*100,"NA") -> 96.461599 | AL44: =IFERROR(SUM(AB44:AE44)/SUM(P44:S44)*100,"NA") -> 35.922967 | AM44: =IFERROR(SUM(V44:X44)/SUM(J44:L44)*100,"NA") -> 99.275638 | AN44: =IFERROR(SUM(Y44:AA44)/SUM(M44:O44)*100,"NA") -> 165.98989 | AO44: =IFERROR(SUM(AB44:AD44)/SUM(P44:R44)*100,"NA") -> 35.943575 | AP44: =IFERROR(SUM(AE44:AG44)/SUM(S44:U44)*100,"NA") -> 111.20733 | AQ44: =IFERROR(SUM(V44:AA44)/SUM(J44:O44)*100,"NA") -> 143.26707 | AR44: =IFERROR(SUM(AB44:AG44)/SUM(P44:U44)*100,"NA") -> 71.762353 | AS44: =IFERROR(SUM(V44:AG44)/SUM(J44:U44)*100,"NA") -> 106.40683
B45: Lenor | C45: Lenor | D45: =Fabric!F25 -> 0.24659356 | E45: =Fabric!G25 -> 0.880929 | F45: =Fabric!H25 -> 0.26162 | G45: =Fabric!I25 -> 2.2034949 | H45: =Fabric!J25 -> 0.666984 | I45: =Fabric!K25 -> 0.47621709 | J45: =Fabric!L25 -> 2.641506 | K45: =Fabric!M25 -> 0.21369399 | ... AG45: =Fabric!AI25 -> 3.36 | AJ45: =IFERROR(AE45/S45*100,"NA") -> 35.783495 | AK45: =IFERROR(SUM(V45:AE45)/SUM(J45:S45)*100,"NA") -> 63.467188 | AL45: =IFERROR(SUM(AB45:AE45)/SUM(P45:S45)*100,"NA") -> 102.85527 | AM45: =IFERROR(SUM(V45:X45)/SUM(J45:L45)*100,"NA") -> 51.808333 | AN45: =IFERROR(SUM(Y45:AA45)/SUM(M45:O45)*100,"NA") -> 45.102541 | AO45: =IFERROR(SUM(AB45:AD45)/SUM(P45:R45)*100,"NA") -> 108.13171 | AP45: =IFERROR(SUM(AE45:AG45)/SUM(S45:U45)*100,"NA") -> 128.21045 | AQ45: =IFERROR(SUM(V45:AA45)/SUM(J45:O45)*100,"NA") -> 47.618333 | AR45: =IFERROR(SUM(AB45:AG45)/SUM(P45:U45)*100,"NA") -> 118.50409 | AS45: =IFERROR(SUM(V45:AG45)/SUM(J45:U45)*100,"NA") -> 78.493135
B46: Bold | C46: Bold | D46: =Fabric!F26 -> 0 | E46: =Fabric!G26 -> 0 | F46: =Fabric!H26 -> 0.1915904 | G46: =Fabric!I26 -> 0.157164 | H46: =Fabric!J26 -> 0.1044018 | I46: =Fabric!K26 -> 0.0782078 | J46: =Fabric!L26 -> 0.0688528 | K46: =Fabric!M26 -> 0.1504284 | ... AG46: =Fabric!AI26 -> 0.2 | AJ46: =IFERROR(AE46/S46*100,"NA") -> 2.6154407 | AK46: =IFERROR(SUM(V46:AE46)/SUM(J46:S46)*100,"NA") -> 53.548284 | AL46: =IFERROR(SUM(AB46:AE46)/SUM(P46:S46)*100,"NA") -> -1.5961623 | AM46: =IFERROR(SUM(V46:X46)/SUM(J46:L46)*100,"NA") -> 429.16438 | AN46: =IFERROR(SUM(Y46:AA46)/SUM(M46:O46)*100,"NA") -> -34.227201 | AO46: =IFERROR(SUM(AB46:AD46)/SUM(P46:R46)*100,"NA") -> -8.073249 | AP46: =IFERROR(SUM(AE46:AG46)/SUM(S46:U46)*100,"NA") -> 20.7026 | AQ46: =IFERROR(SUM(V46:AA46)/SUM(J46:O46)*100,"NA") -> 268.69384 | AR46: =IFERROR(SUM(AB46:AG46)/SUM(P46:U46)*100,"NA") -> 12.963002 | AS46: =IFERROR(SUM(V46:AG46)/SUM(J46:U46)*100,"NA") -> 51.043012
A47: Sell-Thru | B47: Oral | C47: Total | D47: =Oral!F4 -> 4.5590645 | E47: =Oral!G4 -> 4.5141285 | F47: =Oral!H4 -> 5.7120867 | G47: =Oral!I4 -> 5.9887367 | H47: =Oral!J4 -> 6.9970306 | I47: =Oral!K4 -> 5.3289378 | J47: =Oral!L4 -> 4.105262 | K47: =Oral!M4 -> 8.0056066 | ... AG47: =Oral!AI4 -> 7.078 | AJ47: =IFERROR(AE47/S47*100,"NA") -> 54.965547 | AK47: =IFERROR(SUM(V47:AE47)/SUM(J47:S47)*100,"NA") -> 99.481057 | AL47: =IFERROR(SUM(AB47:AE47)/SUM(P47:S47)*100,"NA") -> 77.761937 | AM47: =IFERROR(SUM(V47:X47)/SUM(J47:L47)*100,"NA") -> 96.08644 | AN47: =IFERROR(SUM(Y47:AA47)/SUM(M47:O47)*100,"NA") -> 135.62197 | AO47: =IFERROR(SUM(AB47:AD47)/SUM(P47:R47)*100,"NA") -> 84.22556 | AP47: =IFERROR(SUM(AE47:AG47)/SUM(S47:U47)*100,"NA") -> 91.907758 | AQ47: =IFERROR(SUM(V47:AA47)/SUM(J47:O47)*100,"NA") -> 115.68705 | AR47: =IFERROR(SUM(AB47:AG47)/SUM(P47:U47)*100,"NA") -> 87.85622 | AS47: =IFERROR(SUM(V47:AG47)/SUM(J47:U47)*100,"NA") -> 101.09464
B48: Oral-B | C48: OCM | D48: =Oral!F18 -> 1.3878043 | E48: =Oral!G18 -> 1.7917229 | F48: =Oral!H18 -> 1.8312674 | G48: =Oral!I18 -> 0.90258874 | H48: =Oral!J18 -> 2.0635398 | I48: =Oral!K18 -> 1.3240915 | J48: =Oral!L18 -> 0.74359435 | K48: =Oral!M18 -> 1.8697204 | ... AG48: =Oral!AI18 -> 1.34 | AJ48: =IFERROR(AE48/S48*100,"NA") -> 43.381356 | AK48: =IFERROR(SUM(V48:AE48)/SUM(J48:S48)*100,"NA") -> 77.895864 | AL48: =IFERROR(SUM(AB48:AE48)/SUM(P48:S48)*100,"NA") -> 59.976764 | AM48: =IFERROR(SUM(V48:X48)/SUM(J48:L48)*100,"NA") -> 102.14131 | AN48: =IFERROR(SUM(Y48:AA48)/SUM(M48:O48)*100,"NA") -> 83.150556 | AO48: =IFERROR(SUM(AB48:AD48)/SUM(P48:R48)*100,"NA") -> 65.537935 | AP48: =IFERROR(SUM(AE48:AG48)/SUM(S48:U48)*100,"NA") -> 70.298963 | AQ48: =IFERROR(SUM(V48:AA48)/SUM(J48:O48)*100,"NA") -> 92.5914 | AR48: =IFERROR(SUM(AB48:AG48)/SUM(P48:U48)*100,"NA") -> 67.74515 | AS48: =IFERROR(SUM(V48:AG48)/SUM(J48:U48)*100,"NA") -> 79.327621
B49: Oral-B | C49: OCP | D49: =Oral!F39 -> 1.5188343 | E49: =Oral!G39 -> 1.5182172 | F49: =Oral!H39 -> 2.0127039 | G49: =Oral!I39 -> 1.6214051 | H49: =Oral!J39 -> 2.8187884 | I49: =Oral!K39 -> 1.713094 | J49: =Oral!L39 -> 1.9384249 | K49: =Oral!M39 -> 2.0311902 | ... AG49: =Oral!AI39 -> 2.2 | AJ49: =IFERROR(AE49/S49*100,"NA") -> 73.070027 | AK49: =IFERROR(SUM(V49:AE49)/SUM(J49:S49)*100,"NA") -> 102.04571 | AL49: =IFERROR(SUM(AB49:AE49)/SUM(P49:S49)*100,"NA") -> 81.747521 | AM49: =IFERROR(SUM(V49:X49)/SUM(J49:L49)*100,"NA") -> 106.34265 | AN49: =IFERROR(SUM(Y49:AA49)/SUM(M49:O49)*100,"NA") -> 134.16344 | AO49: =IFERROR(SUM(AB49:AD49)/SUM(P49:R49)*100,"NA") -> 83.347663 | AP49: =IFERROR(SUM(AE49:AG49)/SUM(S49:U49)*100,"NA") -> 73.385279 | AQ49: =IFERROR(SUM(V49:AA49)/SUM(J49:O49)*100,"NA") -> 121.5322 | AR49: =IFERROR(SUM(AB49:AG49)/SUM(P49:U49)*100,"NA") -> 79.043581 | AS49: =IFERROR(SUM(V49:AG49)/SUM(J49:U49)*100,"NA") -> 96.549498
B50: Crest | C50: OCM | D50: =Oral!F60 -> 1.6524259 | E50: =Oral!G60 -> 1.2041884 | F50: =Oral!H60 -> 1.8681154 | G50: =Oral!I60 -> 3.4647429 | H50: =Oral!J60 -> 2.1147024 | I50: =Oral!K60 -> 2.2917522 | J50: =Oral!L60 -> 1.4232428 | K50: =Oral!M60 -> 4.104696 | ... AG50: =Oral!AI60 -> 3.538 | AJ50: =IFERROR(AE50/S50*100,"NA") -> 48.714252 | AK50: =IFERROR(SUM(V50:AE50)/SUM(J50:S50)*100,"NA") -> 112.26236 | AL50: =IFERROR(SUM(AB50:AE50)/SUM(P50:S50)*100,"NA") -> 88.380765 | AM50: =IFERROR(SUM(V50:X50)/SUM(J50:L50)*100,"NA") -> 85.312929 | AN50: =IFERROR(SUM(Y50:AA50)/SUM(M50:O50)*100,"NA") -> 172.95096 | AO50: =IFERROR(SUM(AB50:AD50)/SUM(P50:R50)*100,"NA") -> 105.41667 | AP50: =IFERROR(SUM(AE50:AG50)/SUM(S50:U50)*100,"NA") -> 131.6559 | AQ50: =IFERROR(SUM(V50:AA50)/SUM(J50:O50)*100,"NA") -> 124.47574 | AR50: =IFERROR(SUM(AB50:AG50)/SUM(P50:U50)*100,"NA") -> 119.73898 | AS50: =IFERROR(SUM(V50:AG50)/SUM(J50:U50)*100,"NA") -> 122.38856
A51: Sell-Thru | B51: Fem | C51: Total | D51: =Fem!F21 -> 2.1701545 | E51: =Fem!G21 -> 2.7475001 | F51: =Fem!H21 -> 2.6920995 | G51: =Fem!I21 -> 2.6318459 | H51: =Fem!J21 -> 3.508411 | I51: =Fem!K21 -> 3.3302432 | J51: =Fem!L21 -> 2.2927104 | K51: =Fem!M21 -> 2.6062902 | ... AG51: =Fem!AI21 -> 2.84 | AJ51: =IFERROR(AE51/S51*100,"NA") -> 62.431917 | AK51: =IFERROR(SUM(V51:AE51)/SUM(J51:S51)*100,"NA") -> 104.53216 | AL51: =IFERROR(SUM(AB51:AE51)/SUM(P51:S51)*100,"NA") -> 95.002933 | AM51: =IFERROR(SUM(V51:X51)/SUM(J51:L51)*100,"NA") -> 79.076905 | AN51: =IFERROR(SUM(Y51:AA51)/SUM(M51:O51)*100,"NA") -> 139.64241 | AO51: =IFERROR(SUM(AB51:AD51)/SUM(P51:R51)*100,"NA") -> 103.36786 | AP51: =IFERROR(SUM(AE51:AG51)/SUM(S51:U51)*100,"NA") -> 90.557109 | AQ51: =IFERROR(SUM(V51:AA51)/SUM(J51:O51)*100,"NA") -> 112.6553 | AR51: =IFERROR(SUM(AB51:AG51)/SUM(P51:U51)*100,"NA") -> 96.756367 | AS51: =IFERROR(SUM(V51:AG51)/SUM(J51:U51)*100,"NA") -> 103.37648
B52: Whisper | C52: Ivory | D52: =Fem!F22 -> 1.0843048 | E52: =Fem!G22 -> 1.1560026 | F52: =Fem!H22 -> 1.1427899 | G52: =Fem!I22 -> 1.6412704 | H52: =Fem!J22 -> 0.49694164 | I52: =Fem!K22 -> 0.85478586 | J52: =Fem!L22 -> 1.3937515 | K52: =Fem!M22 -> 1.2668039 | ... AG52: =Fem!AI22 -> 0.8 | AJ52: =IFERROR(AE52/S52*100,"NA") -> 54.836388 | AK52: =IFERROR(SUM(V52:AE52)/SUM(J52:S52)*100,"NA") -> 100.58478 | AL52: =IFERROR(SUM(AB52:AE52)/SUM(P52:S52)*100,"NA") -> 94.170917 | AM52: =IFERROR(SUM(V52:X52)/SUM(J52:L52)*100,"NA") -> 71.796762 | AN52: =IFERROR(SUM(Y52:AA52)/SUM(M52:O52)*100,"NA") -> 128.74142 | AO52: =IFERROR(SUM(AB52:AD52)/SUM(P52:R52)*100,"NA") -> 111.99078 | AP52: =IFERROR(SUM(AE52:AG52)/SUM(S52:U52)*100,"NA") -> 109.74229 | AQ52: =IFERROR(SUM(V52:AA52)/SUM(J52:O52)*100,"NA") -> 104.80503 | AR52: =IFERROR(SUM(AB52:AG52)/SUM(P52:U52)*100,"NA") -> 111.06814 | AS52: =IFERROR(SUM(V52:AG52)/SUM(J52:U52)*100,"NA") -> 107.52558
B53: Whisper | C53: OVN Pants | D53: =Fem!F23 -> 0.38953375 | E53: =Fem!G23 -> 0.9133962 | F53: =Fem!H23 -> 0.60677348 | G53: =Fem!I23 -> 0.42603405 | H53: =Fem!J23 -> 2.1492639 | I53: =Fem!K23 -> 1.7092751 | J53: =Fem!L23 -> 0.400716 | K53: =Fem!M23 -> 0.5281914 | ... AG53: =Fem!AI23 -> 1.4 | AJ53: =IFERROR(AE53/S53*100,"NA") -> 47.898201 | AK53: =IFERROR(SUM(V53:AE53)/SUM(J53:S53)*100,"NA") -> 193.42202 | AL53: =IFERROR(SUM(AB53:AE53)/SUM(P53:S53)*100,"NA") -> 191.02679 | AM53: =IFERROR(SUM(V53:X53)/SUM(J53:L53)*100,"NA") -> 135.99793 | AN53: =IFERROR(SUM(Y53:AA53)/SUM(M53:O53)*100,"NA") -> 236.91903 | AO53: =IFERROR(SUM(AB53:AD53)/SUM(P53:R53)*100,"NA") -> 252.72836 | AP53: =IFERROR(SUM(AE53:AG53)/SUM(S53:U53)*100,"NA") -> 80.967788 | AQ53: =IFERROR(SUM(V53:AA53)/SUM(J53:O53)*100,"NA") -> 195.28034 | AR53: =IFERROR(SUM(AB53:AG53)/SUM(P53:U53)*100,"NA") -> 116.11924 | AS53: =IFERROR(SUM(V53:AG53)/SUM(J53:U53)*100,"NA") -> 137.81301
B54: Whisper | C54: Premium day | D54: =Fem!F24 -> 0.39235617 | E54: =Fem!G24 -> 0.26844036 | F54: =Fem!H24 -> 0.49669392 | G54: =Fem!I24 -> 0.27968682 | H54: =Fem!J24 -> 0.44865926 | I54: =Fem!K24 -> 0.4019171 | J54: =Fem!L24 -> 0.15011196 | K54: =Fem!M24 -> 0.36426506 | ... AG54: =Fem!AI24 -> 0.54 | AJ54: =IFERROR(AE54/S54*100,"NA") -> 267.0907 | AK54: =IFERROR(SUM(V54:AE54)/SUM(J54:S54)*100,"NA") -> 65.734 | AL54: =IFERROR(SUM(AB54:AE54)/SUM(P54:S54)*100,"NA") -> 49.712458 | AM54: =IFERROR(SUM(V54:X54)/SUM(J54:L54)*100,"NA") -> 76.591275 | AN54: =IFERROR(SUM(Y54:AA54)/SUM(M54:O54)*100,"NA") -> 134.59283 | AO54: =IFERROR(SUM(AB54:AD54)/SUM(P54:R54)*100,"NA") -> 43.889618 | AP54: =IFERROR(SUM(AE54:AG54)/SUM(S54:U54)*100,"NA") -> 125.37547 | AQ54: =IFERROR(SUM(V54:AA54)/SUM(J54:O54)*100,"NA") -> 103.3166 | AR54: =IFERROR(SUM(AB54:AG54)/SUM(P54:U54)*100,"NA") -> 60.742788 | AS54: =IFERROR(SUM(V54:AG54)/SUM(J54:U54)*100,"NA") -> 71.714673
B55: Whisper | C55: OVN Pads | D55: =Fem!F25 -> 0.10088126 | E55: =Fem!G25 -> 0.11520684 | F55: =Fem!H25 -> 0.13017228 | G55: =Fem!I25 -> 0.05545916 | H55: =Fem!J25 -> 0.0887136 | I55: =Fem!K25 -> 0.09927985 | J55: =Fem!L25 -> 0.12221148 | K55: =Fem!M25 -> 0.10529348 | ... AG55: =Fem!AI25 -> 0 | AJ55: =IFERROR(AE55/S55*100,"NA") -> 0 | AK55: =IFERROR(SUM(V55:AE55)/SUM(J55:S55)*100,"NA") -> 4.311933 | AL55: =IFERROR(SUM(AB55:AE55)/SUM(P55:S55)*100,"NA") -> -0.2227634 | AM55: =IFERROR(SUM(V55:X55)/SUM(J55:L55)*100,"NA") -> 32.955747 | AN55: =IFERROR(SUM(Y55:AA55)/SUM(M55:O55)*100,"NA") -> -14.297162 | AO55: =IFERROR(SUM(AB55:AD55)/SUM(P55:R55)*100,"NA") -> -0.27955731 | AP55: =IFERROR(SUM(AE55:AG55)/SUM(S55:U55)*100,"NA") -> 0 | AQ55: =IFERROR(SUM(V55:AA55)/SUM(J55:O55)*100,"NA") -> 6.3250944 | AR55: =IFERROR(SUM(AB55:AG55)/SUM(P55:U55)*100,"NA") -> -0.13238767 | AS55: =IFERROR(SUM(V55:AG55)/SUM(J55:U55)*100,"NA") -> 3.5639165
B56: Whisper | C56: Other | D56: =Fem!F26 -> 0.20307854 | E56: =Fem!G26 -> 0.2944541 | F56: =Fem!H26 -> 0.31566994 | G56: =Fem!I26 -> 0.22939542 | H56: =Fem!J26 -> 0.32483261 | I56: =Fem!K26 -> 0.26498525 | J56: =Fem!L26 -> 0.22591949 | K56: =Fem!M26 -> 0.34173632 | ... AG56: =Fem!AI26 -> 0.1 | AJ56: =IFERROR(AE56/S56*100,"NA") -> 93.617364 | AK56: =IFERROR(SUM(V56:AE56)/SUM(J56:S56)*100,"NA") -> 52.952734 | AL56: =IFERROR(SUM(AB56:AE56)/SUM(P56:S56)*100,"NA") -> 97.146551 | AM56: =IFERROR(SUM(V56:X56)/SUM(J56:L56)*100,"NA") -> 35.353572 | AN56: =IFERROR(SUM(Y56:AA56)/SUM(M56:O56)*100,"NA") -> 44.861747 | AO56: =IFERROR(SUM(AB56:AD56)/SUM(P56:R56)*100,"NA") -> 98.254624 | AP56: =IFERROR(SUM(AE56:AG56)/SUM(S56:U56)*100,"NA") -> 112.68755 | AQ56: =IFERROR(SUM(V56:AA56)/SUM(J56:O56)*100,"NA") -> 39.784313 | AR56: =IFERROR(SUM(AB56:AG56)/SUM(P56:U56)*100,"NA") -> 104.54394 | AS56: =IFERROR(SUM(V56:AG56)/SUM(J56:U56)*100,"NA") -> 58.349913
A57: Sell-Thru | B57: Home | C57: Total | D57: =Home!F21 -> 3.9299089 | E57: =Home!G21 -> 0.98839566 | F57: =Home!H21 -> 1.4962035 | G57: =Home!I21 -> 1.0852884 | H57: =Home!J21 -> 0.71868227 | I57: =Home!K21 -> 3.4134017 | J57: =Home!L21 -> 2.129153 | K57: =Home!M21 -> 3.0237711 | ... AG57: =Home!AI21 -> 2.477328 | AJ57: =IFERROR(AE57/S57*100,"NA") -> 44.392403 | AK57: =IFERROR(SUM(V57:AE57)/SUM(J57:S57)*100,"NA") -> 72.555413 | AL57: =IFERROR(SUM(AB57:AE57)/SUM(P57:S57)*100,"NA") -> 57.346959 | AM57: =IFERROR(SUM(V57:X57)/SUM(J57:L57)*100,"NA") -> 85.606303 | AN57: =IFERROR(SUM(Y57:AA57)/SUM(M57:O57)*100,"NA") -> 71.711471 | AO57: =IFERROR(SUM(AB57:AD57)/SUM(P57:R57)*100,"NA") -> 63.630798 | AP57: =IFERROR(SUM(AE57:AG57)/SUM(S57:U57)*100,"NA") -> 93.472963 | AQ57: =IFERROR(SUM(V57:AA57)/SUM(J57:O57)*100,"NA") -> 78.977608 | AR57: =IFERROR(SUM(AB57:AG57)/SUM(P57:U57)*100,"NA") -> 80.630218 | AS57: =IFERROR(SUM(V57:AG57)/SUM(J57:U57)*100,"NA") -> 79.635108
B58: Febreze | C58: Fabric Refresher | D58: =Home!F22 -> 1.780855 | E58: =Home!G22 -> 0.2077929 | F58: =Home!H22 -> 0.19561595 | G58: =Home!I22 -> 0.26599197 | H58: =Home!J22 -> 0.42963848 | I58: =Home!K22 -> 2.9812842 | J58: =Home!L22 -> 1.9245693 | K58: =Home!M22 -> 0.59354275 | ... AG58: =Home!AI22 -> 0.85736 | AJ58: =IFERROR(AE58/S58*100,"NA") -> 53.830664 | AK58: =IFERROR(SUM(V58:AE58)/SUM(J58:S58)*100,"NA") -> 73.422497 | AL58: =IFERROR(SUM(AB58:AE58)/SUM(P58:S58)*100,"NA") -> 73.051912 | AM58: =IFERROR(SUM(V58:X58)/SUM(J58:L58)*100,"NA") -> 72.632685 | AN58: =IFERROR(SUM(Y58:AA58)/SUM(M58:O58)*100,"NA") -> 74.730042 | AO58: =IFERROR(SUM(AB58:AD58)/SUM(P58:R58)*100,"NA") -> 78.610177 | AP58: =IFERROR(SUM(AE58:AG58)/SUM(S58:U58)*100,"NA") -> 73.712657 | AQ58: =IFERROR(SUM(V58:AA58)/SUM(J58:O58)*100,"NA") -> 73.497007 | AR58: =IFERROR(SUM(AB58:AG58)/SUM(P58:U58)*100,"NA") -> 75.017801 | AS58: =IFERROR(SUM(V58:AG58)/SUM(J58:U58)*100,"NA") -> 74.058451
B59: Febreze | C59: Merlion | D59: =Home!F23 -> 2.1490539 | E59: =Home!G23 -> 0.78060276 | F59: =Home!H23 -> 1.3005875 | G59: =Home!I23 -> 0.81929645 | H59: =Home!J23 -> 0.2890438 | I59: =Home!K23 -> 0.43211748 | J59: =Home!L23 -> 0.20458368 | K59: =Home!M23 -> 2.4302283 | ... AG59: =Home!AI23 -> 1.619968 | AJ59: =IFERROR(AE59/S59*100,"NA") -> 42.528257 | AK59: =IFERROR(SUM(V59:AE59)/SUM(J59:S59)*100,"NA") -> 71.911991 | AL59: =IFERROR(SUM(AB59:AE59)/SUM(P59:S59)*100,"NA") -> 52.382878 | AM59: =IFERROR(SUM(V59:X59)/SUM(J59:L59)*100,"NA") -> 102.60057 | AN59: =IFERROR(SUM(Y59:AA59)/SUM(M59:O59)*100,"NA") -> 69.380485 | AO59: =IFERROR(SUM(AB59:AD59)/SUM(P59:R59)*100,"NA") -> 57.901414 | AP59: =IFERROR(SUM(AE59:AG59)/SUM(S59:U59)*100,"NA") -> 120.24123 | AQ59: =IFERROR(SUM(V59:AA59)/SUM(J59:O59)*100,"NA") -> 84.556003 | AR59: =IFERROR(SUM(AB59:AG59)/SUM(P59:U59)*100,"NA") -> 85.162898 | AS59: =IFERROR(SUM(V59:AG59)/SUM(J59:U59)*100,"NA") -> 84.813621
A60: Sell-Thru | B60: Skin | C60: Total | D60: =Skin!F24 -> 4.4121633 | E60: =Skin!G24 -> 4.3334671 | F60: =Skin!H24 -> 4.6134316 | G60: =Skin!I24 -> 0.51600163 | H60: =Skin!J24 -> 5.0999902 | I60: =Skin!K24 -> 2.6557138 | J60: =Skin!L24 -> 13.405783 | K60: =Skin!M24 -> 1.5292598 | ... AG60: =Skin!AI24 -> 11.15 | AJ60: =IFERROR(AE60/S60*100,"NA") -> 42.346758 | AK60: =IFERROR(SUM(V60:AE60)/SUM(J60:S60)*100,"NA") -> 135.74583 | AL60: =IFERROR(SUM(AB60:AE60)/SUM(P60:S60)*100,"NA") -> 88.344238 | AM60: =IFERROR(SUM(V60:X60)/SUM(J60:L60)*100,"NA") -> 222.18362 | AN60: =IFERROR(SUM(Y60:AA60)/SUM(M60:O60)*100,"NA") -> 119.81224 | AO60: =IFERROR(SUM(AB60:AD60)/SUM(P60:R60)*100,"NA") -> 144.58051 | AP60: =IFERROR(SUM(AE60:AG60)/SUM(S60:U60)*100,"NA") -> 151.30543 | AQ60: =IFERROR(SUM(V60:AA60)/SUM(J60:O60)*100,"NA") -> 171.98277 | AR60: =IFERROR(SUM(AB60:AG60)/SUM(P60:U60)*100,"NA") -> 149.03924 | AS60: =IFERROR(SUM(V60:AG60)/SUM(J60:U60)*100,"NA") -> 160.3936
B61: Olay | C61: RG | D61: =Skin!F25 -> 1.819943 | E61: =Skin!G25 -> 2.0116189 | F61: =Skin!H25 -> 0.39789504 | G61: =Skin!I25 -> 0.025090198 | H61: =Skin!J25 -> 0.88352512 | I61: =Skin!K25 -> 0.26646108 | J61: =Skin!L25 -> 1.4394884 | K61: =Skin!M25 -> 0.17691605 | ... AG61: =Skin!AI25 -> 0.8 | AJ61: =IFERROR(AE61/S61*100,"NA") -> 11.068527 | AK61: =IFERROR(SUM(V61:AE61)/SUM(J61:S61)*100,"NA") -> 35.495914 | AL61: =IFERROR(SUM(AB61:AE61)/SUM(P61:S61)*100,"NA") -> 37.203207 | AM61: =IFERROR(SUM(V61:X61)/SUM(J61:L61)*100,"NA") -> 69.573586 | AN61: =IFERROR(SUM(Y61:AA61)/SUM(M61:O61)*100,"NA") -> 21.44171 | AO61: =IFERROR(SUM(AB61:AD61)/SUM(P61:R61)*100,"NA") -> 92.580709 | AP61: =IFERROR(SUM(AE61:AG61)/SUM(S61:U61)*100,"NA") -> 33.72018 | AQ61: =IFERROR(SUM(V61:AA61)/SUM(J61:O61)*100,"NA") -> 34.245258 | AR61: =IFERROR(SUM(AB61:AG61)/SUM(P61:U61)*100,"NA") -> 48.384117 | AS61: =IFERROR(SUM(V61:AG61)/SUM(J61:U61)*100,"NA") -> 41.106372
B62: Olay | C62: RG T&E | D62: =Skin!F26 -> 0 | E62: =Skin!G26 -> 0 | F62: =Skin!H26 -> 0 | G62: =Skin!I26 -> 0 | H62: =Skin!J26 -> 0 | I62: =Skin!K26 -> 0 | J62: =Skin!L26 -> 6.2134363 | K62: =Skin!M26 -> 0.09273599 | ... AG62: =Skin!AI26 -> 0.65 | AJ62: =IFERROR(AE62/S62*100,"NA") -> 41.201379 | AK62: =IFERROR(SUM(V62:AE62)/SUM(J62:S62)*100,"NA") -> 37.646025 | AL62: =IFERROR(SUM(AB62:AE62)/SUM(P62:S62)*100,"NA") -> 54.319812 | AM62: =IFERROR(SUM(V62:X62)/SUM(J62:L62)*100,"NA") -> 15.161225 | AN62: =IFERROR(SUM(Y62:AA62)/SUM(M62:O62)*100,"NA") -> 57.166417 | AO62: =IFERROR(SUM(AB62:AD62)/SUM(P62:R62)*100,"NA") -> 59.640733 | AP62: =IFERROR(SUM(AE62:AG62)/SUM(S62:U62)*100,"NA") -> 51.967419 | AQ62: =IFERROR(SUM(V62:AA62)/SUM(J62:O62)*100,"NA") -> 30.507241 | AR62: =IFERROR(SUM(AB62:AG62)/SUM(P62:U62)*100,"NA") -> 55.577506 | AS62: =IFERROR(SUM(V62:AG62)/SUM(J62:U62)*100,"NA") -> 40.359686
B63: Olay | C63: Magic | D63: =Skin!F27 -> 0 | E63: =Skin!G27 -> 0 | F63: =Skin!H27 -> 0 | G63: =Skin!I27 -> 0 | H63: =Skin!J27 -> 0 | I63: =Skin!K27 -> 0 | J63: =Skin!L27 -> 0 | K63: =Skin!M27 -> 0 | ... AG63: =Skin!AI27 -> 1.5 | AJ63: =IFERROR(AE63/S63*100,"NA") -> NA | AK63: =IFERROR(SUM(V63:AE63)/SUM(J63:S63)*100,"NA") -> NA | AL63: =IFERROR(SUM(AB63:AE63)/SUM(P63:S63)*100,"NA") -> NA | AM63: =IFERROR(SUM(V63:X63)/SUM(J63:L63)*100,"NA") -> NA | AN63: =IFERROR(SUM(Y63:AA63)/SUM(M63:O63)*100,"NA") -> NA | AO63: =IFERROR(SUM(AB63:AD63)/SUM(P63:R63)*100,"NA") -> NA | AP63: =IFERROR(SUM(AE63:AG63)/SUM(S63:U63)*100,"NA") -> NA | AQ63: =IFERROR(SUM(V63:AA63)/SUM(J63:O63)*100,"NA") -> NA | AR63: =IFERROR(SUM(AB63:AG63)/SUM(P63:U63)*100,"NA") -> NA | AS63: =IFERROR(SUM(V63:AG63)/SUM(J63:U63)*100,"NA") -> NA
B64: Olay | C64: WR | D64: =Skin!F28 -> 1.6320033 | E64: =Skin!G28 -> 0.97406392 | F64: =Skin!H28 -> 2.6414582 | G64: =Skin!I28 -> 0.24886483 | H64: =Skin!J28 -> 2.6599011 | I64: =Skin!K28 -> 1.249818 | J64: =Skin!L28 -> 4.5747012 | K64: =Skin!M28 -> 0.50984347 | ... AG64: =Skin!AI28 -> 1.5 | AJ64: =IFERROR(AE64/S64*100,"NA") -> 8.288202 | AK64: =IFERROR(SUM(V64:AE64)/SUM(J64:S64)*100,"NA") -> 106.33491 | AL64: =IFERROR(SUM(AB64:AE64)/SUM(P64:S64)*100,"NA") -> 19.810046 | AM64: =IFERROR(SUM(V64:X64)/SUM(J64:L64)*100,"NA") -> 274.00573 | AN64: =IFERROR(SUM(Y64:AA64)/SUM(M64:O64)*100,"NA") -> 102.35519 | AO64: =IFERROR(SUM(AB64:AD64)/SUM(P64:R64)*100,"NA") -> 42.477805 | AP64: =IFERROR(SUM(AE64:AG64)/SUM(S64:U64)*100,"NA") -> 27.137469 | AQ64: =IFERROR(SUM(V64:AA64)/SUM(J64:O64)*100,"NA") -> 207.52483 | AR64: =IFERROR(SUM(AB64:AG64)/SUM(P64:U64)*100,"NA") -> 31.394237 | AS64: =IFERROR(SUM(V64:AG64)/SUM(J64:U64)*100,"NA") -> 104.16654
B65: Olay | C65: OLAYII | D65: =Skin!F29 -> 0.96021699 | E65: =Skin!G29 -> 1.3477843 | F65: =Skin!H29 -> 1.5740783 | G65: =Skin!I29 -> 0.24204661 | H65: =Skin!J29 -> 1.556564 | I65: =Skin!K29 -> 1.1394347 | J65: =Skin!L29 -> 1.1781574 | K65: =Skin!M29 -> 0.74976427 | ... AG65: =Skin!AI29 -> 0.7 | AJ65: =IFERROR(AE65/S65*100,"NA") -> 71.420281 | AK65: =IFERROR(SUM(V65:AE65)/SUM(J65:S65)*100,"NA") -> 87.277206 | AL65: =IFERROR(SUM(AB65:AE65)/SUM(P65:S65)*100,"NA") -> 94.298855 | AM65: =IFERROR(SUM(V65:X65)/SUM(J65:L65)*100,"NA") -> 68.642775 | AN65: =IFERROR(SUM(Y65:AA65)/SUM(M65:O65)*100,"NA") -> 97.030656 | AO65: =IFERROR(SUM(AB65:AD65)/SUM(P65:R65)*100,"NA") -> 100.66314 | AP65: =IFERROR(SUM(AE65:AG65)/SUM(S65:U65)*100,"NA") -> 58.994485 | AQ65: =IFERROR(SUM(V65:AA65)/SUM(J65:O65)*100,"NA") -> 82.966448 | AR65: =IFERROR(SUM(AB65:AG65)/SUM(P65:U65)*100,"NA") -> 78.863078 | AS65: =IFERROR(SUM(V65:AG65)/SUM(J65:U65)*100,"NA") -> 80.907285
B66: Olay | C66: Pro-X | AE66: =Skin!AG30 -> 0 | AF66: =Skin!AH30 -> 14.8 | AG66: =Skin!AI30 -> 6 | AJ66: =IFERROR(AE66/S66*100,"NA") -> NA | AK66: =IFERROR(SUM(V66:AE66)/SUM(J66:S66)*100,"NA") -> NA | AL66: =IFERROR(SUM(AB66:AE66)/SUM(P66:S66)*100,"NA") -> NA | AM66: =IFERROR(SUM(V66:X66)/SUM(J66:L66)*100,"NA") -> NA | AN66: =IFERROR(SUM(Y66:AA66)/SUM(M66:O66)*100,"NA") -> NA | AO66: =IFERROR(SUM(AB66:AD66)/SUM(P66:R66)*100,"NA") -> NA | AP66: =IFERROR(SUM(AE66:AG66)/SUM(S66:U66)*100,"NA") -> NA | AQ66: =IFERROR(SUM(V66:AA66)/SUM(J66:O66)*100,"NA") -> NA | AR66: =IFERROR(SUM(AB66:AG66)/SUM(P66:U66)*100,"NA") -> NA | AS66: =IFERROR(SUM(V66:AG66)/SUM(J66:U66)*100,"NA") -> NA
A67: Sell-Thru | B67: Shave | C67: Total | D67: =Shave!F30 -> 1.7856363 | E67: =Shave!G30 -> 0.90449256 | F67: =Shave!H30 -> 0.67041022 | G67: =Shave!I30 -> 1.8426924 | H67: =Shave!J30 -> 0.79693552 | I67: =Shave!K30 -> 0.71210872 | J67: =Shave!L30 -> 0.78883049 | K67: =Shave!M30 -> 1.5730773 | ... AG67: =Shave!AI30 -> 0.64245093 | AJ67: =IFERROR(AE67/S67*100,"NA") -> 73.51384 | AK67: =IFERROR(SUM(V67:AE67)/SUM(J67:S67)*100,"NA") -> 142.98187 | AL67: =IFERROR(SUM(AB67:AE67)/SUM(P67:S67)*100,"NA") -> 174.89267 | AM67: =IFERROR(SUM(V67:X67)/SUM(J67:L67)*100,"NA") -> 90.594404 | AN67: =IFERROR(SUM(Y67:AA67)/SUM(M67:O67)*100,"NA") -> 151.51529 | AO67: =IFERROR(SUM(AB67:AD67)/SUM(P67:R67)*100,"NA") -> 197.51916 | AP67: =IFERROR(SUM(AE67:AG67)/SUM(S67:U67)*100,"NA") -> 71.248973 | AQ67: =IFERROR(SUM(V67:AA67)/SUM(J67:O67)*100,"NA") -> 115.77905 | AR67: =IFERROR(SUM(AB67:AG67)/SUM(P67:U67)*100,"NA") -> 144.16204 | AS67: =IFERROR(SUM(V67:AG67)/SUM(J67:U67)*100,"NA") -> 131.30114
A68: Sell-in | B68: Total | C68: Total | D68: =SUM(D69,D74,D80,D84,D90,D93,D100) -> 26.405842 | E68: =SUM(E69,E74,E80,E84,E90,E93,E100) -> 32.260576 | F68: =SUM(F69,F74,F80,F84,F90,F93,F100) -> 31.641673 | G68: =SUM(G69,G74,G80,G84,G90,G93,G100) -> 25.667613 | H68: =SUM(H69,H74,H80,H84,H90,H93,H100) -> 41.700788 | I68: =SUM(I69,I74,I80,I84,I90,I93,I100) -> 17.918732 | J68: =SUM(J69,J74,J80,J84,J90,J93,J100) -> 44.771095 | K68: =SUM(K69,K74,K80,K84,K90,K93,K100) -> 28.21245 | ... AG68: =SUM(AG69,AG74,AG80,AG84,AG90,AG93,AG100) -> 45.967479 | AJ68: =IFERROR(AE68/S68*100,"NA") -> 67.801713 | AK68: =IFERROR(SUM(V68:AE68)/SUM(J68:S68)*100,"NA") -> 111.42578 | AL68: =IFERROR(SUM(AB68:AE68)/SUM(P68:S68)*100,"NA") -> 92.194549 | AM68: =IFERROR(SUM(V68:X68)/SUM(J68:L68)*100,"NA") -> 120.73029 | AN68: =IFERROR(SUM(Y68:AA68)/SUM(M68:O68)*100,"NA") -> 126.81548 | AO68: =IFERROR(SUM(AB68:AD68)/SUM(P68:R68)*100,"NA") -> 103.88127 | AP68: =IFERROR(SUM(AE68:AG68)/SUM(S68:U68)*100,"NA") -> 122.65927 | AQ68: =IFERROR(SUM(V68:AA68)/SUM(J68:O68)*100,"NA") -> 123.9099 | AR68: =IFERROR(SUM(AB68:AG68)/SUM(P68:U68)*100,"NA") -> 113.98393 | AS68: =IFERROR(SUM(V68:AG68)/SUM(J68:U68)*100,"NA") -> 119.07422
A69: Sell-in | B69: Hair | C69: Total | D69: =Hair!F5 -> 10.280722 | E69: =Hair!G5 -> 8.4725032 | F69: =Hair!H5 -> 11.793991 | G69: =Hair!I5 -> 5.1878484 | H69: =Hair!J5 -> 16.043001 | I69: =Hair!K5 -> 2.6986178 | J69: =Hair!L5 -> 9.4095547 | K69: =Hair!M5 -> 7.7307954 | ... AG69: =Hair!AI5 -> 14.6197 | AJ69: =IFERROR(AE69/S69*100,"NA") -> 131.86886 | AK69: =IFERROR(SUM(V69:AE69)/SUM(J69:S69)*100,"NA") -> 131.29387 | AL69: =IFERROR(SUM(AB69:AE69)/SUM(P69:S69)*100,"NA") -> 137.9054 | AM69: =IFERROR(SUM(V69:X69)/SUM(J69:L69)*100,"NA") -> 127.8051 | AN69: =IFERROR(SUM(Y69:AA69)/SUM(M69:O69)*100,"NA") -> 126.34259 | AO69: =IFERROR(SUM(AB69:AD69)/SUM(P69:R69)*100,"NA") -> 140.24265 | AP69: =IFERROR(SUM(AE69:AG69)/SUM(S69:U69)*100,"NA") -> 140.55609 | AQ69: =IFERROR(SUM(V69:AA69)/SUM(J69:O69)*100,"NA") -> 126.96908 | AR69: =IFERROR(SUM(AB69:AG69)/SUM(P69:U69)*100,"NA") -> 140.40608 | AS69: =IFERROR(SUM(V69:AG69)/SUM(J69:U69)*100,"NA") -> 133.63771
B70: HNS | C70: HNS | D70: =Hair!F126 -> 1.5981646 | E70: =Hair!G126 -> 1.4739449 | F70: =Hair!H126 -> 2.4688747 | G70: =Hair!I126 -> 2.1199009 | H70: =Hair!J126 -> 2.0502546 | I70: =Hair!K126 -> 1.4429788 | J70: =Hair!L126 -> 2.790161 | K70: =Hair!M126 -> 0.5686874 | ... AG70: =Hair!AI126 -> 2.49 | AJ70: =IFERROR(AE70/S70*100,"NA") -> 90.569124 | AK70: =IFERROR(SUM(V70:AE70)/SUM(J70:S70)*100,"NA") -> 102.40239 | AL70: =IFERROR(SUM(AB70:AE70)/SUM(P70:S70)*100,"NA") -> 102.88571 | AM70: =IFERROR(SUM(V70:X70)/SUM(J70:L70)*100,"NA") -> 67.483189 | AN70: =IFERROR(SUM(Y70:AA70)/SUM(M70:O70)*100,"NA") -> 142.93276 | AO70: =IFERROR(SUM(AB70:AD70)/SUM(P70:R70)*100,"NA") -> 106.48785 | AP70: =IFERROR(SUM(AE70:AG70)/SUM(S70:U70)*100,"NA") -> 162.30733 | AQ70: =IFERROR(SUM(V70:AA70)/SUM(J70:O70)*100,"NA") -> 101.93555 | AR70: =IFERROR(SUM(AB70:AG70)/SUM(P70:U70)*100,"NA") -> 126.67633 | AS70: =IFERROR(SUM(V70:AG70)/SUM(J70:U70)*100,"NA") -> 115.27923
B71: PTN | C71: PTN | D71: =Hair!F128 -> 3.2989016 | E71: =Hair!G128 -> 3.6211378 | F71: =Hair!H128 -> 4.3362176 | G71: =Hair!I128 -> 0.81709727 | H71: =Hair!J128 -> 7.8717861 | I71: =Hair!K128 -> 0.029154 | J71: =Hair!L128 -> 3.0889833 | K71: =Hair!M128 -> 3.2274846 | ... AG71: =Hair!AI128 -> 4.4025 | AJ71: =IFERROR(AE71/S71*100,"NA") -> 142.53348 | AK71: =IFERROR(SUM(V71:AE71)/SUM(J71:S71)*100,"NA") -> 141.03943 | AL71: =IFERROR(SUM(AB71:AE71)/SUM(P71:S71)*100,"NA") -> 179.92668 | AM71: =IFERROR(SUM(V71:X71)/SUM(J71:L71)*100,"NA") -> 208.95475 | AN71: =IFERROR(SUM(Y71:AA71)/SUM(M71:O71)*100,"NA") -> 75.645653 | AO71: =IFERROR(SUM(AB71:AD71)/SUM(P71:R71)*100,"NA") -> 196.89949 | AP71: =IFERROR(SUM(AE71:AG71)/SUM(S71:U71)*100,"NA") -> 122.98331 | AQ71: =IFERROR(SUM(V71:AA71)/SUM(J71:O71)*100,"NA") -> 122.30387 | AR71: =IFERROR(SUM(AB71:AG71)/SUM(P71:U71)*100,"NA") -> 151.24404 | AS71: =IFERROR(SUM(V71:AG71)/SUM(J71:U71)*100,"NA") -> 135.74085
B72: Pert | C72: Pert | D72: =Hair!F130 -> 0.1151904 | E72: =Hair!G130 -> 1.0948944 | F72: =Hair!H130 -> 0.7178808 | G72: =Hair!I130 -> 0.4160136 | H72: =Hair!J130 -> 0.9074922 | I72: =Hair!K130 -> 0 | J72: =Hair!L130 -> 1.4885424 | K72: =Hair!M130 -> 0.990531 | ... AG72: =Hair!AI130 -> 1.4272 | AJ72: =IFERROR(AE72/S72*100,"NA") -> 170.84923 | AK72: =IFERROR(SUM(V72:AE72)/SUM(J72:S72)*100,"NA") -> 76.231528 | AL72: =IFERROR(SUM(AB72:AE72)/SUM(P72:S72)*100,"NA") -> 325.21264 | AM72: =IFERROR(SUM(V72:X72)/SUM(J72:L72)*100,"NA") -> 85.017325 | AN72: =IFERROR(SUM(Y72:AA72)/SUM(M72:O72)*100,"NA") -> 53.876641 | AO72: =IFERROR(SUM(AB72:AD72)/SUM(P72:R72)*100,"NA") -> 586.99709 | AP72: =IFERROR(SUM(AE72:AG72)/SUM(S72:U72)*100,"NA") -> 208.51925 | AQ72: =IFERROR(SUM(V72:AA72)/SUM(J72:O72)*100,"NA") -> 66.230679 | AR72: =IFERROR(SUM(AB72:AG72)/SUM(P72:U72)*100,"NA") -> 241.16042 | AS72: =IFERROR(SUM(V72:AG72)/SUM(J72:U72)*100,"NA") -> 91.999622
B73: HR | C73: HR | D73: =Hair!F132 -> 5.2684658 | E73: =Hair!G132 -> 2.282526 | F73: =Hair!H132 -> 4.2710178 | G73: =Hair!I132 -> 1.8348366 | H73: =Hair!J132 -> 5.2134684 | I73: =Hair!K132 -> 1.226485 | J73: =Hair!L132 -> 2.041868 | K73: =Hair!M132 -> 2.9440924 | ... AG73: =Hair!AI132 -> 6.3 | AJ73: =IFERROR(AE73/S73*100,"NA") -> 141.66949 | AK73: =IFERROR(SUM(V73:AE73)/SUM(J73:S73)*100,"NA") -> 146.75399 | AL73: =IFERROR(SUM(AB73:AE73)/SUM(P73:S73)*100,"NA") -> 126.55346 | AM73: =IFERROR(SUM(V73:X73)/SUM(J73:L73)*100,"NA") -> 99.004802 | AN73: =IFERROR(SUM(Y73:AA73)/SUM(M73:O73)*100,"NA") -> 224.8769 | AO73: =IFERROR(SUM(AB73:AD73)/SUM(P73:R73)*100,"NA") -> 120.61629 | AP73: =IFERROR(SUM(AE73:AG73)/SUM(S73:U73)*100,"NA") -> 146.591 | AQ73: =IFERROR(SUM(V73:AA73)/SUM(J73:O73)*100,"NA") -> 164.83708 | AR73: =IFERROR(SUM(AB73:AG73)/SUM(P73:U73)*100,"NA") -> 133.60176 | AS73: =IFERROR(SUM(V73:AG73)/SUM(J73:U73)*100,"NA") -> 147.26983
A74: Sell-in | B74: Fabric | C74: Total | D74: =Fabric!F39 -> 2.7809609 | E74: =Fabric!G39 -> 6.4711891 | F74: =Fabric!H39 -> 5.3840904 | G74: =Fabric!I39 -> 6.3855228 | H74: =Fabric!J39 -> 4.8072244 | I74: =Fabric!K39 -> 3.064482 | J74: =Fabric!L39 -> 5.6289813 | K74: =Fabric!M39 -> 3.5542105 | ... AG74: =Fabric!AI39 -> 7.16 | AJ74: =IFERROR(AE74/S74*100,"NA") -> 16.088836 | AK74: =IFERROR(SUM(V74:AE74)/SUM(J74:S74)*100,"NA") -> 86.231909 | AL74: =IFERROR(SUM(AB74:AE74)/SUM(P74:S74)*100,"NA") -> 50.031467 | AM74: =IFERROR(SUM(V74:X74)/SUM(J74:L74)*100,"NA") -> 83.079701 | AN74: =IFERROR(SUM(Y74:AA74)/SUM(M74:O74)*100,"NA") -> 126.92287 | AO74: =IFERROR(SUM(AB74:AD74)/SUM(P74:R74)*100,"NA") -> 74.503473 | AP74: =IFERROR(SUM(AE74:AG74)/SUM(S74:U74)*100,"NA") -> 80.701918 | AQ74: =IFERROR(SUM(V74:AA74)/SUM(J74:O74)*100,"NA") -> 108.29954 | AR74: =IFERROR(SUM(AB74:AG74)/SUM(P74:U74)*100,"NA") -> 78.495114 | AS74: =IFERROR(SUM(V74:AG74)/SUM(J74:U74)*100,"NA") -> 93.435334
B75: Ariel | C75: Total | D75: =Fabric!F40 -> 2.4924109 | E75: =Fabric!G40 -> 6.1984761 | F75: =Fabric!H40 -> 4.6618374 | G75: =Fabric!I40 -> 3.531338 | H75: =Fabric!J40 -> 4.0101178 | I75: =Fabric!K40 -> 2.283186 | J75: =Fabric!L40 -> 3.3278383 | K75: =Fabric!M40 -> 2.7685917 | ... AG75: =Fabric!AI40 -> 3.6 | AJ75: =IFERROR(AE75/S75*100,"NA") -> 14.500959 | AK75: =IFERROR(SUM(V75:AE75)/SUM(J75:S75)*100,"NA") -> 100.16695 | AL75: =IFERROR(SUM(AB75:AE75)/SUM(P75:S75)*100,"NA") -> 46.239428 | AM75: =IFERROR(SUM(V75:X75)/SUM(J75:L75)*100,"NA") -> 67.193202 | AN75: =IFERROR(SUM(Y75:AA75)/SUM(M75:O75)*100,"NA") -> 200.02661 | AO75: =IFERROR(SUM(AB75:AD75)/SUM(P75:R75)*100,"NA") -> 68.65965 | AP75: =IFERROR(SUM(AE75:AG75)/SUM(S75:U75)*100,"NA") -> 83.103915 | AQ75: =IFERROR(SUM(V75:AA75)/SUM(J75:O75)*100,"NA") -> 138.21899 | AR75: =IFERROR(SUM(AB75:AG75)/SUM(P75:U75)*100,"NA") -> 77.563686 | AS75: =IFERROR(SUM(V75:AG75)/SUM(J75:U75)*100,"NA") -> 106.75176
B76: Ariel | C76: Ariel LIQ | D76: =Fabric!F41 -> 0.67662 | E76: =Fabric!G41 -> 0.4644774 | F76: =Fabric!H41 -> 0.5277222 | G76: =Fabric!I41 -> 1.372807 | H76: =Fabric!J41 -> 1.1195518 | I76: =Fabric!K41 -> 0.7158489 | J76: =Fabric!L41 -> 0.3924474 | K76: =Fabric!M41 -> 0.6051819 | ... AG76: =Fabric!AI41 -> 1 | AJ76: =IFERROR(AE76/S76*100,"NA") -> 91.03392 | AK76: =IFERROR(SUM(V76:AE76)/SUM(J76:S76)*100,"NA") -> 116.42376 | AL76: =IFERROR(SUM(AB76:AE76)/SUM(P76:S76)*100,"NA") -> 84.576082 | AM76: =IFERROR(SUM(V76:X76)/SUM(J76:L76)*100,"NA") -> 186.43109 | AN76: =IFERROR(SUM(Y76:AA76)/SUM(M76:O76)*100,"NA") -> 128.85432 | AO76: =IFERROR(SUM(AB76:AD76)/SUM(P76:R76)*100,"NA") -> 81.646409 | AP76: =IFERROR(SUM(AE76:AG76)/SUM(S76:U76)*100,"NA") -> 155.7099 | AQ76: =IFERROR(SUM(V76:AA76)/SUM(J76:O76)*100,"NA") -> 144.20325 | AR76: =IFERROR(SUM(AB76:AG76)/SUM(P76:U76)*100,"NA") -> 112.01239 | AS76: =IFERROR(SUM(V76:AG76)/SUM(J76:U76)*100,"NA") -> 127.97198
B77: Ariel | C77: Ariel SUD | D77: =Fabric!F42 -> 1.8157909 | E77: =Fabric!G42 -> 5.7339987 | F77: =Fabric!H42 -> 4.1341152 | G77: =Fabric!I42 -> 2.158531 | H77: =Fabric!J42 -> 2.890566 | I77: =Fabric!K42 -> 1.5673371 | J77: =Fabric!L42 -> 2.9353909 | K77: =Fabric!M42 -> 2.1634098 | ... AG77: =Fabric!AI42 -> 2.6 | AJ77: =IFERROR(AE77/S77*100,"NA") -> -6.4871119 | AK77: =IFERROR(SUM(V77:AE77)/SUM(J77:S77)*100,"NA") -> 94.646296 | AL77: =IFERROR(SUM(AB77:AE77)/SUM(P77:S77)*100,"NA") -> 30.922287 | AM77: =IFERROR(SUM(V77:X77)/SUM(J77:L77)*100,"NA") -> 49.011102 | AN77: =IFERROR(SUM(Y77:AA77)/SUM(M77:O77)*100,"NA") -> 233.02428 | AO77: =IFERROR(SUM(AB77:AD77)/SUM(P77:R77)*100,"NA") -> 62.11402 | AP77: =IFERROR(SUM(AE77:AG77)/SUM(S77:U77)*100,"NA") -> 70.80058 | AQ77: =IFERROR(SUM(V77:AA77)/SUM(J77:O77)*100,"NA") -> 136.42199 | AR77: =IFERROR(SUM(AB77:AG77)/SUM(P77:U77)*100,"NA") -> 67.968272 | AS77: =IFERROR(SUM(V77:AG77)/SUM(J77:U77)*100,"NA") -> 100.62093
B78: Lenor | C78: Lenor | D78: =Fabric!F43 -> 0.28855 | E78: =Fabric!G43 -> 0.272713 | F78: =Fabric!H43 -> 0.422893 | G78: =Fabric!I43 -> 2.72546 | H78: =Fabric!J43 -> 0.651917 | I78: =Fabric!K43 -> 0.661552 | J78: =Fabric!L43 -> 2.301143 | K78: =Fabric!M43 -> 0.68683 | ... AG78: =Fabric!AI43 -> 3.36 | AJ78: =IFERROR(AE78/S78*100,"NA") -> NA | AK78: =IFERROR(SUM(V78:AE78)/SUM(J78:S78)*100,"NA") -> 57.140828 | AL78: =IFERROR(SUM(AB78:AE78)/SUM(P78:S78)*100,"NA") -> 130.48476 | AM78: =IFERROR(SUM(V78:X78)/SUM(J78:L78)*100,"NA") -> 98.236912 | AN78: =IFERROR(SUM(Y78:AA78)/SUM(M78:O78)*100,"NA") -> 15.10101 | AO78: =IFERROR(SUM(AB78:AD78)/SUM(P78:R78)*100,"NA") -> 113.6541 | AP78: =IFERROR(SUM(AE78:AG78)/SUM(S78:U78)*100,"NA") -> 108.79174 | AQ78: =IFERROR(SUM(V78:AA78)/SUM(J78:O78)*100,"NA") -> 43.492761 | AR78: =IFERROR(SUM(AB78:AG78)/SUM(P78:U78)*100,"NA") -> 110.36628 | AS78: =IFERROR(SUM(V78:AG78)/SUM(J78:U78)*100,"NA") -> 67.897341
B79: Bold | C79: Bold | D79: =Fabric!F44 -> 0 | E79: =Fabric!G44 -> 0 | F79: =Fabric!H44 -> 0.29936 | G79: =Fabric!I44 -> 0.1287248 | H79: =Fabric!J44 -> 0.1451896 | I79: =Fabric!K44 -> 0.119744 | J79: =Fabric!L44 -> 0 | K79: =Fabric!M44 -> 0.0987888 | ... AG79: =Fabric!AI44 -> 0.2 | AJ79: =IFERROR(AE79/S79*100,"NA") -> 4.4926069 | AK79: =IFERROR(SUM(V79:AE79)/SUM(J79:S79)*100,"NA") -> 49.077646 | AL79: =IFERROR(SUM(AB79:AE79)/SUM(P79:S79)*100,"NA") -> 12.14524 | AM79: =IFERROR(SUM(V79:X79)/SUM(J79:L79)*100,"NA") -> 532.9405 | AN79: =IFERROR(SUM(Y79:AA79)/SUM(M79:O79)*100,"NA") -> 48.425306 | AO79: =IFERROR(SUM(AB79:AD79)/SUM(P79:R79)*100,"NA") -> 34.408302 | AP79: =IFERROR(SUM(AE79:AG79)/SUM(S79:U79)*100,"NA") -> 19.376977 | AQ79: =IFERROR(SUM(V79:AA79)/SUM(J79:O79)*100,"NA") -> 339.82187 | AR79: =IFERROR(SUM(AB79:AG79)/SUM(P79:U79)*100,"NA") -> 22.777436 | AS79: =IFERROR(SUM(V79:AG79)/SUM(J79:U79)*100,"NA") -> 54.796491
A80: Sell-in | B80: Oral | C80: Total | D80: =Oral!F5 -> 4.0149622 | E80: =Oral!G5 -> 7.0904382 | F80: =Oral!H5 -> 6.4562732 | G80: =Oral!I5 -> 9.8837742 | H80: =Oral!J5 -> 7.9566038 | I80: =Oral!K5 -> 3.1500275 | J80: =Oral!L5 -> 8.457954 | K80: =Oral!M5 -> 8.1339644 | ... AG80: =Oral!AI5 -> 7.078 | AJ80: =IFERROR(AE80/S80*100,"NA") -> 81.417673 | AK80: =IFERROR(SUM(V80:AE80)/SUM(J80:S80)*100,"NA") -> 84.015673 | AL80: =IFERROR(SUM(AB80:AE80)/SUM(P80:S80)*100,"NA") -> 100.32012 | AM80: =IFERROR(SUM(V80:X80)/SUM(J80:L80)*100,"NA") -> 68.46755 | AN80: =IFERROR(SUM(Y80:AA80)/SUM(M80:O80)*100,"NA") -> 84.407939 | AO80: =IFERROR(SUM(AB80:AD80)/SUM(P80:R80)*100,"NA") -> 109.98037 | AP80: =IFERROR(SUM(AE80:AG80)/SUM(S80:U80)*100,"NA") -> 123.29082 | AQ80: =IFERROR(SUM(V80:AA80)/SUM(J80:O80)*100,"NA") -> 76.510555 | AR80: =IFERROR(SUM(AB80:AG80)/SUM(P80:U80)*100,"NA") -> 117.06265 | AS80: =IFERROR(SUM(V80:AG80)/SUM(J80:U80)*100,"NA") -> 92.501005
B81: Oral-B | C81: OCM | D81: =Oral!F72 -> 1.9293888 | E81: =Oral!G72 -> 2.7239932 | F81: =Oral!H72 -> 3.0379012 | G81: =Oral!I72 -> 3.3913738 | H81: =Oral!J72 -> 3.1462 | I81: =Oral!K72 -> 0.224128 | J81: =Oral!L72 -> 1.5435396 | K81: =Oral!M72 -> 2.8278216 | ... AG81: =Oral!AI72 -> 1.34 | AJ81: =IFERROR(AE81/S81*100,"NA") -> 109.15495 | AK81: =IFERROR(SUM(V81:AE81)/SUM(J81:S81)*100,"NA") -> 91.172393 | AL81: =IFERROR(SUM(AB81:AE81)/SUM(P81:S81)*100,"NA") -> 130.88246 | AM81: =IFERROR(SUM(V81:X81)/SUM(J81:L81)*100,"NA") -> 70.243865 | AN81: =IFERROR(SUM(Y81:AA81)/SUM(M81:O81)*100,"NA") -> 80.819408 | AO81: =IFERROR(SUM(AB81:AD81)/SUM(P81:R81)*100,"NA") -> 143.03817 | AP81: =IFERROR(SUM(AE81:AG81)/SUM(S81:U81)*100,"NA") -> 87.719503 | AQ81: =IFERROR(SUM(V81:AA81)/SUM(J81:O81)*100,"NA") -> 73.89424 | AR81: =IFERROR(SUM(AB81:AG81)/SUM(P81:U81)*100,"NA") -> 108.46063 | AS81: =IFERROR(SUM(V81:AG81)/SUM(J81:U81)*100,"NA") -> 88.642174
B82: Oral-B | C82: OCP | D82: =Oral!F74 -> 0.763618 | E82: =Oral!G74 -> 2.9832974 | F82: =Oral!H74 -> 1.444584 | G82: =Oral!I74 -> 1.1569912 | H82: =Oral!J74 -> 3.9189328 | I82: =Oral!K74 -> 1.1655575 | J82: =Oral!L74 -> 3.484247 | K82: =Oral!M74 -> 1.6835058 | ... AG82: =Oral!AI74 -> 2.2 | AJ82: =IFERROR(AE82/S82*100,"NA") -> 213.21056 | AK82: =IFERROR(SUM(V82:AE82)/SUM(J82:S82)*100,"NA") -> 70.576527 | AL82: =IFERROR(SUM(AB82:AE82)/SUM(P82:S82)*100,"NA") -> 101.17172 | AM82: =IFERROR(SUM(V82:X82)/SUM(J82:L82)*100,"NA") -> 53.14093 | AN82: =IFERROR(SUM(Y82:AA82)/SUM(M82:O82)*100,"NA") -> 58.670541 | AO82: =IFERROR(SUM(AB82:AD82)/SUM(P82:R82)*100,"NA") -> 81.562982 | AP82: =IFERROR(SUM(AE82:AG82)/SUM(S82:U82)*100,"NA") -> 138.15904 | AQ82: =IFERROR(SUM(V82:AA82)/SUM(J82:O82)*100,"NA") -> 56.434155 | AR82: =IFERROR(SUM(AB82:AG82)/SUM(P82:U82)*100,"NA") -> 105.07832 | AS82: =IFERROR(SUM(V82:AG82)/SUM(J82:U82)*100,"NA") -> 76.002873
B83: Crest | C83: OCM | D83: =Oral!F76 -> 1.3219554 | E83: =Oral!G76 -> 1.3831476 | F83: =Oral!H76 -> 1.973788 | G83: =Oral!I76 -> 5.3354092 | H83: =Oral!J76 -> 0.891471 | I83: =Oral!K76 -> 1.7603419 | J83: =Oral!L76 -> 3.4301673 | K83: =Oral!M76 -> 3.622637 | ... AG83: =Oral!AI76 -> 3.538 | AJ83: =IFERROR(AE83/S83*100,"NA") -> 32.681172 | AK83: =IFERROR(SUM(V83:AE83)/SUM(J83:S83)*100,"NA") -> 93.744915 | AL83: =IFERROR(SUM(AB83:AE83)/SUM(P83:S83)*100,"NA") -> 82.89057 | AM83: =IFERROR(SUM(V83:X83)/SUM(J83:L83)*100,"NA") -> 80.05331 | AN83: =IFERROR(SUM(Y83:AA83)/SUM(M83:O83)*100,"NA") -> 117.40015 | AO83: =IFERROR(SUM(AB83:AD83)/SUM(P83:R83)*100,"NA") -> 137.04356 | AP83: =IFERROR(SUM(AE83:AG83)/SUM(S83:U83)*100,"NA") -> 139.02707 | AQ83: =IFERROR(SUM(V83:AA83)/SUM(J83:O83)*100,"NA") -> 98.88081 | AR83: =IFERROR(SUM(AB83:AG83)/SUM(P83:U83)*100,"NA") -> 138.2395 | AS83: =IFERROR(SUM(V83:AG83)/SUM(J83:U83)*100,"NA") -> 113.22318
A84: Sell-in | B84: Fem | C84: Total | D84: =Fem!F39 -> 1.4956918 | E84: =Fem!G39 -> 2.0540974 | F84: =Fem!H39 -> 2.1534281 | G84: =Fem!I39 -> 1.428685 | H84: =Fem!J39 -> 4.2775002 | I84: =Fem!K39 -> 2.2376197 | J84: =Fem!L39 -> 2.5698236 | K84: =Fem!M39 -> 2.4737797 | ... AG84: =Fem!AI39 -> 2.84 | AJ84: =IFERROR(AE84/S84*100,"NA") -> 59.611192 | AK84: =IFERROR(SUM(V84:AE84)/SUM(J84:S84)*100,"NA") -> 109.94183 | AL84: =IFERROR(SUM(AB84:AE84)/SUM(P84:S84)*100,"NA") -> 93.081412 | AM84: =IFERROR(SUM(V84:X84)/SUM(J84:L84)*100,"NA") -> 104.83088 | AN84: =IFERROR(SUM(Y84:AA84)/SUM(M84:O84)*100,"NA") -> 142.455 | AO84: =IFERROR(SUM(AB84:AD84)/SUM(P84:R84)*100,"NA") -> 104.78304 | AP84: =IFERROR(SUM(AE84:AG84)/SUM(S84:U84)*100,"NA") -> 82.279168 | AQ84: =IFERROR(SUM(V84:AA84)/SUM(J84:O84)*100,"NA") -> 124.04872 | AR84: =IFERROR(SUM(AB84:AG84)/SUM(P84:U84)*100,"NA") -> 92.264455 | AS84: =IFERROR(SUM(V84:AG84)/SUM(J84:U84)*100,"NA") -> 105.52351
B85: Whisper | C85: Ivory | D85: =Fem!F40 -> 1.4430255 | E85: =Fem!G40 -> 1.1677781 | F85: =Fem!H40 -> 0.91391328 | G85: =Fem!I40 -> 0.91391328 | H85: =Fem!J40 -> 1.9934431 | I85: =Fem!K40 -> 0.63587088 | J85: =Fem!L40 -> 1.0444723 | K85: =Fem!M40 -> 1.0323835 | ... AG85: =Fem!AI40 -> 0.8 | AJ85: =IFERROR(AE85/S85*100,"NA") -> 42.716793 | AK85: =IFERROR(SUM(V85:AE85)/SUM(J85:S85)*100,"NA") -> 107.98124 | AL85: =IFERROR(SUM(AB85:AE85)/SUM(P85:S85)*100,"NA") -> 89.159054 | AM85: =IFERROR(SUM(V85:X85)/SUM(J85:L85)*100,"NA") -> 130.60594 | AN85: =IFERROR(SUM(Y85:AA85)/SUM(M85:O85)*100,"NA") -> 115.13245 | AO85: =IFERROR(SUM(AB85:AD85)/SUM(P85:R85)*100,"NA") -> 122.52632 | AP85: =IFERROR(SUM(AE85:AG85)/SUM(S85:U85)*100,"NA") -> 75.39435 | AQ85: =IFERROR(SUM(V85:AA85)/SUM(J85:O85)*100,"NA") -> 120.93529 | AR85: =IFERROR(SUM(AB85:AG85)/SUM(P85:U85)*100,"NA") -> 97.210032 | AS85: =IFERROR(SUM(V85:AG85)/SUM(J85:U85)*100,"NA") -> 109.92966
B86: Whisper | C86: OVN Pants | D86: =Fem!F41 -> 0 | E86: =Fem!G41 -> 0.4512 | F86: =Fem!H41 -> 0.4200324 | G86: =Fem!I41 -> 0.4592568 | H86: =Fem!J41 -> 1.6744992 | I86: =Fem!K41 -> 1.3133244 | J86: =Fem!L41 -> 0.8624124 | K86: =Fem!M41 -> 1.0100352 | ... AG86: =Fem!AI41 -> 1.4 | AJ86: =IFERROR(AE86/S86*100,"NA") -> 76.255014 | AK86: =IFERROR(SUM(V86:AE86)/SUM(J86:S86)*100,"NA") -> 171.66735 | AL86: =IFERROR(SUM(AB86:AE86)/SUM(P86:S86)*100,"NA") -> 180.5497 | AM86: =IFERROR(SUM(V86:X86)/SUM(J86:L86)*100,"NA") -> 102.31239 | AN86: =IFERROR(SUM(Y86:AA86)/SUM(M86:O86)*100,"NA") -> 268.03357 | AO86: =IFERROR(SUM(AB86:AD86)/SUM(P86:R86)*100,"NA") -> 222.86843 | AP86: =IFERROR(SUM(AE86:AG86)/SUM(S86:U86)*100,"NA") -> 83.536484 | AQ86: =IFERROR(SUM(V86:AA86)/SUM(J86:O86)*100,"NA") -> 166.56756 | AR86: =IFERROR(SUM(AB86:AG86)/SUM(P86:U86)*100,"NA") -> 113.45895 | AS86: =IFERROR(SUM(V86:AG86)/SUM(J86:U86)*100,"NA") -> 131.76086
B87: Whisper | C87: Premium day | D87: =Fem!F42 -> 0 | E87: =Fem!G42 -> 0.3261528 | F87: =Fem!H42 -> 0.36347736 | G87: =Fem!I42 -> 0.05551488 | H87: =Fem!J42 -> 0.29760492 | I87: =Fem!K42 -> 0.16737588 | J87: =Fem!L42 -> 0.28371552 | K87: =Fem!M42 -> 0.04969032 | ... AG87: =Fem!AI42 -> 0.54 | AJ87: =IFERROR(AE87/S87*100,"NA") -> 221.87371 | AK87: =IFERROR(SUM(V87:AE87)/SUM(J87:S87)*100,"NA") -> 60.331272 | AL87: =IFERROR(SUM(AB87:AE87)/SUM(P87:S87)*100,"NA") -> 27.36159 | AM87: =IFERROR(SUM(V87:X87)/SUM(J87:L87)*100,"NA") -> 121.6044 | AN87: =IFERROR(SUM(Y87:AA87)/SUM(M87:O87)*100,"NA") -> 234.97815 | AO87: =IFERROR(SUM(AB87:AD87)/SUM(P87:R87)*100,"NA") -> 20.469214 | AP87: =IFERROR(SUM(AE87:AG87)/SUM(S87:U87)*100,"NA") -> 119.42278 | AQ87: =IFERROR(SUM(V87:AA87)/SUM(J87:O87)*100,"NA") -> 160.44011 | AR87: =IFERROR(SUM(AB87:AG87)/SUM(P87:U87)*100,"NA") -> 42.315487 | AS87: =IFERROR(SUM(V87:AG87)/SUM(J87:U87)*100,"NA") -> 67.114287
B88: Whisper | C88: OVN Pads | D88: =Fem!F43 -> 0.05266632 | E88: =Fem!G43 -> 0.10896648 | F88: =Fem!H43 -> 0.20016264 | G88: =Fem!I43 -> 0 | H88: =Fem!J43 -> 0.13399368 | I88: =Fem!K43 -> 0.02534628 | J88: =Fem!L43 -> 0.13832388 | K88: =Fem!M43 -> 0.06336732 | ... AG88: =Fem!AI43 -> 0 | AJ88: =IFERROR(AE88/S88*100,"NA") -> 0 | AK88: =IFERROR(SUM(V88:AE88)/SUM(J88:S88)*100,"NA") -> 109.3919 | AL88: =IFERROR(SUM(AB88:AE88)/SUM(P88:S88)*100,"NA") -> 319.08836 | AM88: =IFERROR(SUM(V88:X88)/SUM(J88:L88)*100,"NA") -> 20.678571 | AN88: =IFERROR(SUM(Y88:AA88)/SUM(M88:O88)*100,"NA") -> 0 | AO88: =IFERROR(SUM(AB88:AD88)/SUM(P88:R88)*100,"NA") -> 386.29735 | AP88: =IFERROR(SUM(AE88:AG88)/SUM(S88:U88)*100,"NA") -> 0 | AQ88: =IFERROR(SUM(V88:AA88)/SUM(J88:O88)*100,"NA") -> 9.600772 | AR88: =IFERROR(SUM(AB88:AG88)/SUM(P88:U88)*100,"NA") -> 198.48046 | AS88: =IFERROR(SUM(V88:AG88)/SUM(J88:U88)*100,"NA") -> 91.469952
B89: Whisper | C89: Other | D89: =Fem!F44 -> 0 | E89: =Fem!G44 -> 0 | F89: =Fem!H44 -> 0.2558424 | G89: =Fem!I44 -> 0 | H89: =Fem!J44 -> 0.17795928 | I89: =Fem!K44 -> 0.09570224 | J89: =Fem!L44 -> 0.24089952 | K89: =Fem!M44 -> 0.31830336 | ... AG89: =Fem!AI44 -> 0.1 | AJ89: =IFERROR(AE89/S89*100,"NA") -> 80.295567 | AK89: =IFERROR(SUM(V89:AE89)/SUM(J89:S89)*100,"NA") -> 47.775306 | AL89: =IFERROR(SUM(AB89:AE89)/SUM(P89:S89)*100,"NA") -> 94.105691 | AM89: =IFERROR(SUM(V89:X89)/SUM(J89:L89)*100,"NA") -> 35.518243 | AN89: =IFERROR(SUM(Y89:AA89)/SUM(M89:O89)*100,"NA") -> 18.305195 | AO89: =IFERROR(SUM(AB89:AD89)/SUM(P89:R89)*100,"NA") -> 103.80623 | AP89: =IFERROR(SUM(AE89:AG89)/SUM(S89:U89)*100,"NA") -> 73.644384 | AQ89: =IFERROR(SUM(V89:AA89)/SUM(J89:O89)*100,"NA") -> 28.151458 | AR89: =IFERROR(SUM(AB89:AG89)/SUM(P89:U89)*100,"NA") -> 85.650958 | AS89: =IFERROR(SUM(V89:AG89)/SUM(J89:U89)*100,"NA") -> 50.266956
A90: Sell-in | B90: Home | C90: Total | D90: =Home!F39 -> 1.8292221 | E90: =Home!G39 -> 2.8949757 | F90: =Home!H39 -> 1.1773662 | G90: =Home!I39 -> 2.2637166 | H90: =Home!J39 -> 2.7107805 | I90: =Home!K39 -> 4.6344864 | J90: =Home!L39 -> 4.6818337 | K90: =Home!M39 -> 1.1281539 | ... AG90: =Home!AI39 -> 2.477328 | AJ90: =IFERROR(AE90/S90*100,"NA") -> 51.966679 | AK90: =IFERROR(SUM(V90:AE90)/SUM(J90:S90)*100,"NA") -> 69.424631 | AL90: =IFERROR(SUM(AB90:AE90)/SUM(P90:S90)*100,"NA") -> 55.88008 | AM90: =IFERROR(SUM(V90:X90)/SUM(J90:L90)*100,"NA") -> 64.97125 | AN90: =IFERROR(SUM(Y90:AA90)/SUM(M90:O90)*100,"NA") -> 92.087296 | AO90: =IFERROR(SUM(AB90:AD90)/SUM(P90:R90)*100,"NA") -> 58.033681 | AP90: =IFERROR(SUM(AE90:AG90)/SUM(S90:U90)*100,"NA") -> 94.349671 | AQ90: =IFERROR(SUM(V90:AA90)/SUM(J90:O90)*100,"NA") -> 76.311173 | AR90: =IFERROR(SUM(AB90:AG90)/SUM(P90:U90)*100,"NA") -> 77.711821 | AS90: =IFERROR(SUM(V90:AG90)/SUM(J90:U90)*100,"NA") -> 76.895517
B91: Febreze | C91: Fabric Refresher | D91: =Home!F40 -> 0.3048093 | E91: =Home!G40 -> 0.3780333 | F91: =Home!H40 -> 0.9977646 | G91: =Home!I40 -> 2.2550262 | H91: =Home!J40 -> 2.0666229 | I91: =Home!K40 -> 2.66286 | J91: =Home!L40 -> 3.1740237 | K91: =Home!M40 -> 0.0282645 | ... AG91: =Home!AI40 -> 0.85736 | AJ91: =IFERROR(AE91/S91*100,"NA") -> 29.848831 | AK91: =IFERROR(SUM(V91:AE91)/SUM(J91:S91)*100,"NA") -> 79.39694 | AL91: =IFERROR(SUM(AB91:AE91)/SUM(P91:S91)*100,"NA") -> 33.722865 | AM91: =IFERROR(SUM(V91:X91)/SUM(J91:L91)*100,"NA") -> 60.282651 | AN91: =IFERROR(SUM(Y91:AA91)/SUM(M91:O91)*100,"NA") -> 194.40216 | AO91: =IFERROR(SUM(AB91:AD91)/SUM(P91:R91)*100,"NA") -> 36.810634 | AP91: =IFERROR(SUM(AE91:AG91)/SUM(S91:U91)*100,"NA") -> 78.633333 | AQ91: =IFERROR(SUM(V91:AA91)/SUM(J91:O91)*100,"NA") -> 95.023903 | AR91: =IFERROR(SUM(AB91:AG91)/SUM(P91:U91)*100,"NA") -> 66.269691 | AS91: =IFERROR(SUM(V91:AG91)/SUM(J91:U91)*100,"NA") -> 83.759672
B92: Febreze | C92: Merlion | D92: =Home!F41 -> 1.5244128 | E92: =Home!G41 -> 2.5169424 | F92: =Home!H41 -> 0.1796016 | G92: =Home!I41 -> 0.0086904 | H92: =Home!J41 -> 0.6441576 | I92: =Home!K41 -> 1.9716264 | J92: =Home!L41 -> 1.50781 | K92: =Home!M41 -> 1.0998894 | ... AG92: =Home!AI41 -> 1.619968 | AJ92: =IFERROR(AE92/S92*100,"NA") -> 65.106447 | AK92: =IFERROR(SUM(V92:AE92)/SUM(J92:S92)*100,"NA") -> 62.930885 | AL92: =IFERROR(SUM(AB92:AE92)/SUM(P92:S92)*100,"NA") -> 65.297786 | AM92: =IFERROR(SUM(V92:X92)/SUM(J92:L92)*100,"NA") -> 71.048542 | AN92: =IFERROR(SUM(Y92:AA92)/SUM(M92:O92)*100,"NA") -> 53.367843 | AO92: =IFERROR(SUM(AB92:AD92)/SUM(P92:R92)*100,"NA") -> 65.386727 | AP92: =IFERROR(SUM(AE92:AG92)/SUM(S92:U92)*100,"NA") -> 111.26572 | AQ92: =IFERROR(SUM(V92:AA92)/SUM(J92:O92)*100,"NA") -> 61.41412 | AR92: =IFERROR(SUM(AB92:AG92)/SUM(P92:U92)*100,"NA") -> 85.301096 | AS92: =IFERROR(SUM(V92:AG92)/SUM(J92:U92)*100,"NA") -> 71.828499
A93: Sell-in | B93: Skin | C93: Total | D93: =Skin!F45 -> 4.235929 | E93: =Skin!G45 -> 4.3824768 | F93: =Skin!H45 -> 4.0707143 | G93: =Skin!I45 -> -1.9288891 | H93: =Skin!J45 -> 5.1970618 | I93: =Skin!K45 -> 1.7085736 | J93: =Skin!L45 -> 12.946327 | K93: =Skin!M45 -> 4.267525 | ... AG93: =Skin!AI45 -> 11.15 | AJ93: =IFERROR(AE93/S93*100,"NA") -> 41.965008 | AK93: =IFERROR(SUM(V93:AE93)/SUM(J93:S93)*100,"NA") -> 145.17381 | AL93: =IFERROR(SUM(AB93:AE93)/SUM(P93:S93)*100,"NA") -> 62.095723 | AM93: =IFERROR(SUM(V93:X93)/SUM(J93:L93)*100,"NA") -> 230.65748 | AN93: =IFERROR(SUM(Y93:AA93)/SUM(M93:O93)*100,"NA") -> 186.61242 | AO93: =IFERROR(SUM(AB93:AD93)/SUM(P93:R93)*100,"NA") -> 74.157173 | AP93: =IFERROR(SUM(AE93:AG93)/SUM(S93:U93)*100,"NA") -> 174.14458 | AQ93: =IFERROR(SUM(V93:AA93)/SUM(J93:O93)*100,"NA") -> 209.42166 | AR93: =IFERROR(SUM(AB93:AG93)/SUM(P93:U93)*100,"NA") -> 127.25567 | AS93: =IFERROR(SUM(V93:AG93)/SUM(J93:U93)*100,"NA") -> 167.70698
B94: Olay | C94: RG | D94: =Skin!F46 -> 2.0057516 | E94: =Skin!G46 -> 1.9467391 | F94: =Skin!H46 -> 0.37564704 | G94: =Skin!I46 -> 0.11154616 | H94: =Skin!J46 -> 1.039294 | I94: =Skin!K46 -> 0.4384632 | J94: =Skin!L46 -> 1.1124 | K94: =Skin!M46 -> 0.4215474 | ... AG94: =Skin!AI46 -> 0.8 | AJ94: =IFERROR(AE94/S94*100,"NA") -> 7.0007095 | AK94: =IFERROR(SUM(V94:AE94)/SUM(J94:S94)*100,"NA") -> 36.612712 | AL94: =IFERROR(SUM(AB94:AE94)/SUM(P94:S94)*100,"NA") -> 25.983603 | AM94: =IFERROR(SUM(V94:X94)/SUM(J94:L94)*100,"NA") -> 75.551668 | AN94: =IFERROR(SUM(Y94:AA94)/SUM(M94:O94)*100,"NA") -> 36.765776 | AO94: =IFERROR(SUM(AB94:AD94)/SUM(P94:R94)*100,"NA") -> 50.634894 | AP94: =IFERROR(SUM(AE94:AG94)/SUM(S94:U94)*100,"NA") -> 34.750437 | AQ94: =IFERROR(SUM(V94:AA94)/SUM(J94:O94)*100,"NA") -> 46.924881 | AR94: =IFERROR(SUM(AB94:AG94)/SUM(P94:U94)*100,"NA") -> 40.843322 | AS94: =IFERROR(SUM(V94:AG94)/SUM(J94:U94)*100,"NA") -> 43.738795
B95: Olay | C95: RG T&E | D95: =Skin!F47 -> 0 | E95: =Skin!G47 -> 0 | F95: =Skin!H47 -> 0 | G95: =Skin!I47 -> 0 | H95: =Skin!J47 -> 0 | I95: =Skin!K47 -> 0 | J95: =Skin!L47 -> 6.3946109 | K95: =Skin!M47 -> 0.20915568 | ... AG95: =Skin!AI47 -> 0.65 | AJ95: =IFERROR(AE95/S95*100,"NA") -> 92.994033 | AK95: =IFERROR(SUM(V95:AE95)/SUM(J95:S95)*100,"NA") -> 39.777569 | AL95: =IFERROR(SUM(AB95:AE95)/SUM(P95:S95)*100,"NA") -> 33.692336 | AM95: =IFERROR(SUM(V95:X95)/SUM(J95:L95)*100,"NA") -> 11.07616 | AN95: =IFERROR(SUM(Y95:AA95)/SUM(M95:O95)*100,"NA") -> 93.694864 | AO95: =IFERROR(SUM(AB95:AD95)/SUM(P95:R95)*100,"NA") -> 22.852015 | AP95: =IFERROR(SUM(AE95:AG95)/SUM(S95:U95)*100,"NA") -> 63.147036 | AQ95: =IFERROR(SUM(V95:AA95)/SUM(J95:O95)*100,"NA") -> 42.309401 | AR95: =IFERROR(SUM(AB95:AG95)/SUM(P95:U95)*100,"NA") -> 40.958348 | AS95: =IFERROR(SUM(V95:AG95)/SUM(J95:U95)*100,"NA") -> 41.782763
B96: Olay | C96: Magic | D96: =Skin!F48 -> 0 | E96: =Skin!G48 -> 0 | F96: =Skin!H48 -> 0 | G96: =Skin!I48 -> 0 | H96: =Skin!J48 -> 0 | I96: =Skin!K48 -> 0 | J96: =Skin!L48 -> 0 | K96: =Skin!M48 -> 0 | ... AG96: =Skin!AI48 -> 1.5 | AJ96: =IFERROR(AE96/S96*100,"NA") -> NA | AK96: =IFERROR(SUM(V96:AE96)/SUM(J96:S96)*100,"NA") -> NA | AL96: =IFERROR(SUM(AB96:AE96)/SUM(P96:S96)*100,"NA") -> NA | AM96: =IFERROR(SUM(V96:X96)/SUM(J96:L96)*100,"NA") -> NA | AN96: =IFERROR(SUM(Y96:AA96)/SUM(M96:O96)*100,"NA") -> NA | AO96: =IFERROR(SUM(AB96:AD96)/SUM(P96:R96)*100,"NA") -> NA | AP96: =IFERROR(SUM(AE96:AG96)/SUM(S96:U96)*100,"NA") -> NA | AQ96: =IFERROR(SUM(V96:AA96)/SUM(J96:O96)*100,"NA") -> NA | AR96: =IFERROR(SUM(AB96:AG96)/SUM(P96:U96)*100,"NA") -> NA | AS96: =IFERROR(SUM(V96:AG96)/SUM(J96:U96)*100,"NA") -> NA
B97: Olay | C97: WR | D97: =Skin!F49 -> 1.5191176 | E97: =Skin!G49 -> 1.6558896 | F97: =Skin!H49 -> 3.004884 | G97: =Skin!I49 -> 0.93111733 | H97: =Skin!J49 -> 2.3328711 | I97: =Skin!K49 -> 0.548647 | J97: =Skin!L49 -> 5.1904223 | K97: =Skin!M49 -> 2.6716049 | ... AG97: =Skin!AI49 -> 1.5 | AJ97: =IFERROR(AE97/S97*100,"NA") -> 19.690504 | AK97: =IFERROR(SUM(V97:AE97)/SUM(J97:S97)*100,"NA") -> 112.67624 | AL97: =IFERROR(SUM(AB97:AE97)/SUM(P97:S97)*100,"NA") -> 15.003965 | AM97: =IFERROR(SUM(V97:X97)/SUM(J97:L97)*100,"NA") -> 271.14954 | AN97: =IFERROR(SUM(Y97:AA97)/SUM(M97:O97)*100,"NA") -> 105.96873 | AO97: =IFERROR(SUM(AB97:AD97)/SUM(P97:R97)*100,"NA") -> 12.143748 | AP97: =IFERROR(SUM(AE97:AG97)/SUM(S97:U97)*100,"NA") -> 43.878429 | AQ97: =IFERROR(SUM(V97:AA97)/SUM(J97:O97)*100,"NA") -> 207.20753 | AR97: =IFERROR(SUM(AB97:AG97)/SUM(P97:U97)*100,"NA") -> 27.454553 | AS97: =IFERROR(SUM(V97:AG97)/SUM(J97:U97)*100,"NA") -> 110.62241
B98: Olay | C98: OLAYII | D98: =Skin!F50 -> 0.71105973 | E98: =Skin!G50 -> 0.77984811 | F98: =Skin!H50 -> 0.69018325 | G98: =Skin!I50 -> -2.9715526 | H98: =Skin!J50 -> 1.8248967 | I98: =Skin!K50 -> 0.72146345 | J98: =Skin!L50 -> 0.2488934 | K98: =Skin!M50 -> 0.96521702 | ... AG98: =Skin!AI50 -> 0.7 | AJ98: =IFERROR(AE98/S98*100,"NA") -> 158.26051 | AK98: =IFERROR(SUM(V98:AE98)/SUM(J98:S98)*100,"NA") -> 100.39849 | AL98: =IFERROR(SUM(AB98:AE98)/SUM(P98:S98)*100,"NA") -> 56.303774 | AM98: =IFERROR(SUM(V98:X98)/SUM(J98:L98)*100,"NA") -> 42.879733 | AN98: =IFERROR(SUM(Y98:AA98)/SUM(M98:O98)*100,"NA") -> 206.59251 | AO98: =IFERROR(SUM(AB98:AD98)/SUM(P98:R98)*100,"NA") -> 44.979507 | AP98: =IFERROR(SUM(AE98:AG98)/SUM(S98:U98)*100,"NA") -> 46.804025 | AQ98: =IFERROR(SUM(V98:AA98)/SUM(J98:O98)*100,"NA") -> 127.08925 | AR98: =IFERROR(SUM(AB98:AG98)/SUM(P98:U98)*100,"NA") -> 46.094244 | AS98: =IFERROR(SUM(V98:AG98)/SUM(J98:U98)*100,"NA") -> 79.836302
B99: Olay | C99: Pro-X | AE99: =Skin!AG51 -> 0 | AF99: =Skin!AH51 -> 14.8 | AG99: =Skin!AI51 -> 6 | AJ99: =IFERROR(AE99/S99*100,"NA") -> NA | AK99: =IFERROR(SUM(V99:AE99)/SUM(J99:S99)*100,"NA") -> NA | AL99: =IFERROR(SUM(AB99:AE99)/SUM(P99:S99)*100,"NA") -> NA | AM99: =IFERROR(SUM(V99:X99)/SUM(J99:L99)*100,"NA") -> NA | AN99: =IFERROR(SUM(Y99:AA99)/SUM(M99:O99)*100,"NA") -> NA | AO99: =IFERROR(SUM(AB99:AD99)/SUM(P99:R99)*100,"NA") -> NA | AP99: =IFERROR(SUM(AE99:AG99)/SUM(S99:U99)*100,"NA") -> NA | AQ99: =IFERROR(SUM(V99:AA99)/SUM(J99:O99)*100,"NA") -> NA | AR99: =IFERROR(SUM(AB99:AG99)/SUM(P99:U99)*100,"NA") -> NA | AS99: =IFERROR(SUM(V99:AG99)/SUM(J99:U99)*100,"NA") -> NA
A100: Sell-in | B100: Shave | C100: Total | D100: =Shave!F57 -> 1.7683541 | E100: =Shave!G57 -> 0.89489587 | F100: =Shave!H57 -> 0.60580963 | G100: =Shave!I57 -> 2.4469557 | H100: =Shave!J57 -> 0.70861656 | I100: =Shave!K57 -> 0.42492526 | J100: =Shave!L57 -> 1.0766207 | K100: =Shave!M57 -> 0.9240212 | ... AG100: =Shave!AI57 -> 0.64245093 | AJ100: =IFERROR(AE100/S100*100,"NA") -> 35.715119 | AK100: =IFERROR(SUM(V100:AE100)/SUM(J100:S100)*100,"NA") -> 105.88188 | AL100: =IFERROR(SUM(AB100:AE100)/SUM(P100:S100)*100,"NA") -> 88.943357 | AM100: =IFERROR(SUM(V100:X100)/SUM(J100:L100)*100,"NA") -> 130.78274 | AN100: =IFERROR(SUM(Y100:AA100)/SUM(M100:O100)*100,"NA") -> 130.73543 | AO100: =IFERROR(SUM(AB100:AD100)/SUM(P100:R100)*100,"NA") -> 99.209843 | AP100: =IFERROR(SUM(AE100:AG100)/SUM(S100:U100)*100,"NA") -> 85.256638 | AQ100: =IFERROR(SUM(V100:AA100)/SUM(J100:O100)*100,"NA") -> 130.76245 | AR100: =IFERROR(SUM(AB100:AG100)/SUM(P100:U100)*100,"NA") -> 95.840148 | AS100: =IFERROR(SUM(V100:AG100)/SUM(J100:U100)*100,"NA") -> 109.15185

Sheet Hair
F1: Actual | G1: Actual | H1: Actual | I1: Actual | J1: Actual | K1: Actual | L1: Actual | M1: Actual | N1: Actual | O1: Actual | P1: Actual | Q1: Actual | R1: Actual | S1: Actual | T1: Actual | U1: Actual | V1: Actual | W1: Actual | X1: Actual | Y1: Actual | Z1: Actual | AA1: Actual | AB1: Actual | AC1: Actual | AD1: Actual | AE1: Actual | AF1: Actual | AG1: Actual | AH1: Fcst | AI1: Fcst | AK1: Last Month
A2: Type | B2: BB | C2: Category | D2: Brand | E2: Line-up | F2: 202401 | G2: 202402 | H2: 202403 | I2: 202404 | J2: 202405 | K2: 202406 | L2: 202407 | M2: 202408 | N2: 202409 | O2: 202410 | P2: 202411 | Q2: 202412 | R2: 202501 | S2: 202502 | T2: 202503 | U2: 202504 | V2: 202505 | W2: 202506 | X2: 202507 | Y2: 202508 | Z2: 202509 | AA2: 202510 | AB2: 202511 | AC2: 202512 | AD2: 202601 | AE2: 202602 | AF2: 202603 | AG2: 202604 | AH2: 202605 | AI2: 202606 | AK2: Assumption | AL2: +/- | AN2: CM | AO2: FYTD | AP2: CYTD | AQ2: JAS | AR2: OND | AS2: JFM | AT2: AMJ | AU2: 1H | AV2: 2H | AW2: FY
A3: Offtake | B3: Total | C3: Hair | D3: Total | E3: Total | F3: =F6+F42+F84+F102 -> 7.2976789 | G3: =G6+G42+G84+G102 -> 9.0880794 | H3: =H6+H42+H84+H102 -> 7.547991 | I3: =I6+I42+I84+I102 -> 6.8362572 | J3: =J6+J42+J84+J102 -> 7.7994483 | K3: =K6+K42+K84+K102 -> 7.7877277 | L3: =L6+L42+L84+L102 -> 7.0275254 | M3: =M6+M42+M84+M102 -> 7.4311767 | ... AI3: =AI6+AI42+AI84+AI102 -> 12.4325 | AK3: 11.44572 | AL3: =AG3-AK3 -> 0.17184255 | AN3: =IFERROR(AG3/U3*100,"NA") -> 113.80084 | AO3: =IFERROR(SUM(X3:AG3)/SUM(L3:U3)*100,"NA") -> 129.86905 | AP3: =IFERROR(SUM(AD3:AG3)/SUM(R3:U3)*100,"NA") -> 113.9543 | AQ3: =IFERROR(SUM(X3:Z3)/SUM(L3:N3)*100,"NA") -> 134.99625 | AR3: =IFERROR(SUM(AA3:AC3)/SUM(O3:Q3)*100,"NA") -> 146.53094 | AS3: =IFERROR(SUM(AD3:AF3)/SUM(R3:T3)*100,"NA") -> 114.01157 | AT3: =IFERROR(SUM(AG3:AI3)/SUM(U3:W3)*100,"NA") -> 106.56187 | AU3: =IFERROR(SUM(X3:AC3)/SUM(L3:Q3)*100,"NA") -> 141.69283 | AV3: =IFERROR(SUM(AD3:AI3)/SUM(R3:W3)*100,"NA") -> 109.91866 | AW3: =IFERROR(SUM(X3:AI3)/SUM(L3:W3)*100,"NA") -> 124.35693 | AY3: =AVERAGE(AG3:AI3)/AVERAGE(AD3:AF3,X3:AB3)*100 -> 111.84315
A4: Sell-Thru | B4: Total | C4: Hair | D4: Total | E4: Total | F4: =F24+F63+F93+F114 -> 9.7945465 | G4: =G24+G63+G93+G114 -> 6.2381746 | H4: =H24+H63+H93+H114 -> 7.8761366 | I4: =I24+I63+I93+I114 -> 5.1384893 | J4: =J24+J63+J93+J114 -> 10.926275 | K4: =K24+K63+K93+K114 -> 6.5666194 | L4: =L24+L63+L93+L114 -> 8.0995559 | M4: =M24+M63+M93+M114 -> 6.3692824 | ... AI4: =AI24+AI63+AI93+AI114 -> 14.6197 | AK4: 20.37572 | AL4: =AG4-AK4 -> -10.16572 | AN4: =IFERROR(AG4/U4*100,"NA") -> 77.39681 | AO4: =IFERROR(SUM(X4:AG4)/SUM(L4:U4)*100,"NA") -> 128.2623 | AP4: =IFERROR(SUM(AD4:AG4)/SUM(R4:U4)*100,"NA") -> 120.96407 | AQ4: =IFERROR(SUM(X4:Z4)/SUM(L4:N4)*100,"NA") -> 138.42212 | AR4: =IFERROR(SUM(AA4:AC4)/SUM(O4:Q4)*100,"NA") -> 129.91 | AS4: =IFERROR(SUM(AD4:AF4)/SUM(R4:T4)*100,"NA") -> 141.89331 | AT4: =IFERROR(SUM(AG4:AI4)/SUM(U4:W4)*100,"NA") -> 138.40585 | AU4: =IFERROR(SUM(X4:AC4)/SUM(L4:Q4)*100,"NA") -> 133.34775 | AV4: =IFERROR(SUM(AD4:AI4)/SUM(R4:W4)*100,"NA") -> 139.98218 | AW4: =IFERROR(SUM(X4:AI4)/SUM(L4:W4)*100,"NA") -> 136.73216
A5: Sell-in | B5: Total | C5: Hair | D5: Total | E5: Total | F5: =F126+F128+F130+F132 -> 10.280722 | G5: =G126+G128+G130+G132 -> 8.4725032 | H5: =H126+H128+H130+H132 -> 11.793991 | I5: =I126+I128+I130+I132 -> 5.1878484 | J5: =J126+J128+J130+J132 -> 16.043001 | K5: =K126+K128+K130+K132 -> 2.6986178 | L5: =L126+L128+L130+L132 -> 9.4095547 | M5: =M126+M128+M130+M132 -> 7.7307954 | ... AI5: =AI126+AI128+AI130+AI132 -> 14.6197 | AK5: 20.37572 | AL5: =AG5-AK5 -> -4.9334612 | AN5: =IFERROR(AG5/U5*100,"NA") -> 131.86886 | AO5: =IFERROR(SUM(X5:AG5)/SUM(L5:U5)*100,"NA") -> 131.29387 | AP5: =IFERROR(SUM(AD5:AG5)/SUM(R5:U5)*100,"NA") -> 137.9054 | AQ5: =IFERROR(SUM(X5:Z5)/SUM(L5:N5)*100,"NA") -> 127.8051 | AR5: =IFERROR(SUM(AA5:AC5)/SUM(O5:Q5)*100,"NA") -> 126.34259 | AS5: =IFERROR(SUM(AD5:AF5)/SUM(R5:T5)*100,"NA") -> 140.24265 | AT5: =IFERROR(SUM(AG5:AI5)/SUM(U5:W5)*100,"NA") -> 140.55609 | AU5: =IFERROR(SUM(X5:AC5)/SUM(L5:Q5)*100,"NA") -> 126.96908 | AV5: =IFERROR(SUM(AD5:AI5)/SUM(R5:W5)*100,"NA") -> 140.40608 | AW5: =IFERROR(SUM(X5:AI5)/SUM(L5:W5)*100,"NA") -> 133.63771
A6: Offtake | B6: Total | C6: Hair | D6: HNS | E6: Total | F6: =F10+F11 -> 1.1561017 | G6: =G10+G11 -> 1.520378 | H6: =H10+H11 -> 1.4297258 | I6: =I10+I11 -> 1.1546554 | J6: =J10+J11 -> 1.4983956 | K6: =K10+K11 -> 1.8250481 | L6: =L10+L11 -> 1.485706 | M6: =M10+M11 -> 1.6607624 | ... AI6: =AI10+AI11 -> 2.47 | AK6: 1.62 | AL6: =AG6-AK6 -> 0.4581516 | AN6: =IFERROR(AG6/U6*100,"NA") -> 75.790763 | AO6: =IFERROR(SUM(X6:AG6)/SUM(L6:U6)*100,"NA") -> 116.09933 | AP6: =IFERROR(SUM(AD6:AG6)/SUM(R6:U6)*100,"NA") -> 97.696861 | AQ6: =IFERROR(SUM(X6:Z6)/SUM(L6:N6)*100,"NA") -> 126.34213 | AR6: =IFERROR(SUM(AA6:AC6)/SUM(O6:Q6)*100,"NA") -> 133.71547 | AS6: =IFERROR(SUM(AD6:AF6)/SUM(R6:T6)*100,"NA") -> 111.11733 | AT6: =IFERROR(SUM(AG6:AI6)/SUM(U6:W6)*100,"NA") -> 86.875097 | AU6: =IFERROR(SUM(X6:AC6)/SUM(L6:Q6)*100,"NA") -> 130.18317 | AV6: =IFERROR(SUM(AD6:AI6)/SUM(R6:W6)*100,"NA") -> 95.846749 | AW6: =IFERROR(SUM(X6:AI6)/SUM(L6:W6)*100,"NA") -> 110.89104
A7: Offtake | B7: Total | C7: Hair | D7: HNS | E7: Ironman | F7: =SUMIFS('Offtake Raw'!H:H,'Offtake Raw'!$C:$C,Hair!$D7,'Offtake Raw'!$D:$D,Hair!$E7)/1000000 -> 0.2207382 | G7: =SUMIFS('Offtake Raw'!I:I,'Offtake Raw'!$C:$C,Hair!$D7,'Offtake Raw'!$D:$D,Hair!$E7)/1000000 -> 0.2234718 | H7: =SUMIFS('Offtake Raw'!J:J,'Offtake Raw'!$C:$C,Hair!$D7,'Offtake Raw'!$D:$D,Hair!$E7)/1000000 -> 0.2287112 | I7: =SUMIFS('Offtake Raw'!K:K,'Offtake Raw'!$C:$C,Hair!$D7,'Offtake Raw'!$D:$D,Hair!$E7)/1000000 -> 0.2293946 | J7: =SUMIFS('Offtake Raw'!L:L,'Offtake Raw'!$C:$C,Hair!$D7,'Offtake Raw'!$D:$D,Hair!$E7)/1000000 -> 0.1949968 | K7: =SUMIFS('Offtake Raw'!M:M,'Offtake Raw'!$C:$C,Hair!$D7,'Offtake Raw'!$D:$D,Hair!$E7)/1000000 -> 0.1883906 | L7: =SUMIFS('Offtake Raw'!N:N,'Offtake Raw'!$C:$C,Hair!$D7,'Offtake Raw'!$D:$D,Hair!$E7)/1000000 -> 0.2235924 | M7: =SUMIFS('Offtake Raw'!O:O,'Offtake Raw'!$C:$C,Hair!$D7,'Offtake Raw'!$D:$D,Hair!$E7)/1000000 -> 0.4734448 | N7: =SUMIFS('Offtake Raw'!P:P,'Offtake Raw'!$C:$C,Hair!$D7,'Offtake Raw'!$D:$D,Hair!$E7)/1000000 -> 0.360523 | O7: =SUMIFS('Offtake Raw'!Q:Q,'Offtake Raw'!$C:$C,Hair!$D7,'Offtake Raw'!$D:$D,Hair!$E7)/1000000 -> 0.425259 | P7: =SUMIFS('Offtake Raw'!R:R,'Offtake Raw'!$C:$C,Hair!$D7,'Offtake Raw'!$D:$D,Hair!$E7)/1000000 -> 0.3364656 | Q7: =SUMIFS('Offtake Raw'!S:S,'Offtake Raw'!$C:$C,Hair!$D7,'Offtake Raw'!$D:$D,Hair!$E7)/1000000 -> 0.44455651 | R7: =SUMIFS('Offtake Raw'!T:T,'Offtake Raw'!$C:$C,Hair!$D7,'Offtake Raw'!$D:$D,Hair!$E7)/1000000 -> 0.64891845 | S7: =SUMIFS('Offtake Raw'!U:U,'Offtake Raw'!$C:$C,Hair!$D7,'Offtake Raw'!$D:$D,Hair!$E7)/1000000 -> 0.38463275 | T7: =SUMIFS('Offtake Raw'!V:V,'Offtake Raw'!$C:$C,Hair!$D7,'Offtake Raw'!$D:$D,Hair!$E7)/1000000 -> 0.40790886 | U7: =SUMIFS('Offtake Raw'!W:W,'Offtake Raw'!$C:$C,Hair!$D7,'Offtake Raw'!$D:$D,Hair!$E7)/1000000 -> 0.4088182 | V7: =SUMIFS('Offtake Raw'!X:X,'Offtake Raw'!$C:$C,Hair!$D7,'Offtake Raw'!$D:$D,Hair!$E7)/1000000 -> 0.45029509 | W7: =SUMIFS('Offtake Raw'!Y:Y,'Offtake Raw'!$C:$C,Hair!$D7,'Offtake Raw'!$D:$D,Hair!$E7)/1000000 -> 0.41537082 | X7: =SUMIFS('Offtake Raw'!Z:Z,'Offtake Raw'!$C:$C,Hair!$D7,'Offtake Raw'!$D:$D,Hair!$E7)/1000000 -> 0.82888856 | Y7: =SUMIFS('Offtake Raw'!AA:AA,'Offtake Raw'!$C:$C,Hair!$D7,'Offtake Raw'!$D:$D,Hair!$E7)/1000000 -> 0.85068402 | Z7: =SUMIFS('Offtake Raw'!AB:AB,'Offtake Raw'!$C:$C,Hair!$D7,'Offtake Raw'!$D:$D,Hair!$E7)/1000000 -> 0.36791353 | AA7: =SUMIFS('Offtake Raw'!AC:AC,'Offtake Raw'!$C:$C,Hair!$D7,'Offtake Raw'!$D:$D,Hair!$E7)/1000000 -> 0.47134485 | AB7: =SUMIFS('Offtake Raw'!AD:AD,'Offtake Raw'!$C:$C,Hair!$D7,'Offtake Raw'!$D:$D,Hair!$E7)/1000000 -> 0.73173035 | AC7: =SUMIFS('Offtake Raw'!AE:AE,'Offtake Raw'!$C:$C,Hair!$D7,'Offtake Raw'!$D:$D,Hair!$E7)/1000000 -> 0.82686716 | AD7: =SUMIFS('Offtake Raw'!AF:AF,'Offtake Raw'!$C:$C,Hair!$D7,'Offtake Raw'!$D:$D,Hair!$E7)/1000000 -> 0.54163944 | AE7: =SUMIFS('Offtake Raw'!AG:AG,'Offtake Raw'!$C:$C,Hair!$D7,'Offtake Raw'!$D:$D,Hair!$E7)/1000000 -> 0.39654747 | AF7: =SUMIFS('Offtake Raw'!AH:AH,'Offtake Raw'!$C:$C,Hair!$D7,'Offtake Raw'!$D:$D,Hair!$E7)/1000000 -> 0.46387828 | AG7: =SUMIFS('Offtake Raw'!AI:AI,'Offtake Raw'!$C:$C,Hair!$D7,'Offtake Raw'!$D:$D,Hair!$E7)/1000000 -> 0.67386844 | AH7: =AH13+AH19 -> 0.65 | AI7: =AI13+AI19 -> 0.85 | AK7: 0.35 | AL7: =AG7-AK7 -> 0.32386844 | AN7: =IFERROR(AG7/U7*100,"NA") -> 164.83328 | AO7: =IFERROR(SUM(X7:AG7)/SUM(L7:U7)*100,"NA") -> 149.56692 | AP7: =IFERROR(SUM(AD7:AG7)/SUM(R7:U7)*100,"NA") -> 112.19575 | AQ7: =IFERROR(SUM(X7:Z7)/SUM(L7:N7)*100,"NA") -> 193.60469 | AR7: =IFERROR(SUM(AA7:AC7)/SUM(O7:Q7)*100,"NA") -> 168.28104 | AS7: =IFERROR(SUM(AD7:AF7)/SUM(R7:T7)*100,"NA") -> 97.267016 | AT7: =IFERROR(SUM(AG7:AI7)/SUM(U7:W7)*100,"NA") -> 170.5685 | AU7: =IFERROR(SUM(X7:AC7)/SUM(L7:Q7)*100,"NA") -> 180.11106 | AV7: =IFERROR(SUM(AD7:AI7)/SUM(R7:W7)*100,"NA") -> 131.66447 | AW7: =IFERROR(SUM(X7:AI7)/SUM(L7:W7)*100,"NA") -> 153.68859
A8: Offtake | B8: Total | C8: Hair | D8: HNS | E8: Bullseye | F8: =SUMIFS('Offtake Raw'!H:H,'Offtake Raw'!$C:$C,Hair!$D8,'Offtake Raw'!$D:$D,Hair!$E8)/1000000 -> 0.153023 | G8: =SUMIFS('Offtake Raw'!I:I,'Offtake Raw'!$C:$C,Hair!$D8,'Offtake Raw'!$D:$D,Hair!$E8)/1000000 -> 0.2028296 | H8: =SUMIFS('Offtake Raw'!J:J,'Offtake Raw'!$C:$C,Hair!$D8,'Offtake Raw'!$D:$D,Hair!$E8)/1000000 -> 0.181289 | I8: =SUMIFS('Offtake Raw'!K:K,'Offtake Raw'!$C:$C,Hair!$D8,'Offtake Raw'!$D:$D,Hair!$E8)/1000000 -> 0.1315149 | J8: =SUMIFS('Offtake Raw'!L:L,'Offtake Raw'!$C:$C,Hair!$D8,'Offtake Raw'!$D:$D,Hair!$E8)/1000000 -> 0.1843839 | K8: =SUMIFS('Offtake Raw'!M:M,'Offtake Raw'!$C:$C,Hair!$D8,'Offtake Raw'!$D:$D,Hair!$E8)/1000000 -> 0.3014866 | L8: =SUMIFS('Offtake Raw'!N:N,'Offtake Raw'!$C:$C,Hair!$D8,'Offtake Raw'!$D:$D,Hair!$E8)/1000000 -> 0.1113329 | M8: =SUMIFS('Offtake Raw'!O:O,'Offtake Raw'!$C:$C,Hair!$D8,'Offtake Raw'!$D:$D,Hair!$E8)/1000000 -> 0.1381949 | N8: =SUMIFS('Offtake Raw'!P:P,'Offtake Raw'!$C:$C,Hair!$D8,'Offtake Raw'!$D:$D,Hair!$E8)/1000000 -> 0.170126 | O8: =SUMIFS('Offtake Raw'!Q:Q,'Offtake Raw'!$C:$C,Hair!$D8,'Offtake Raw'!$D:$D,Hair!$E8)/1000000 -> 0.075746 | P8: =SUMIFS('Offtake Raw'!R:R,'Offtake Raw'!$C:$C,Hair!$D8,'Offtake Raw'!$D:$D,Hair!$E8)/1000000 -> 0.16698 | Q8: =SUMIFS('Offtake Raw'!S:S,'Offtake Raw'!$C:$C,Hair!$D8,'Offtake Raw'!$D:$D,Hair!$E8)/1000000 -> 0.131406 | R8: =SUMIFS('Offtake Raw'!T:T,'Offtake Raw'!$C:$C,Hair!$D8,'Offtake Raw'!$D:$D,Hair!$E8)/1000000 -> 0.12584 | S8: =SUMIFS('Offtake Raw'!U:U,'Offtake Raw'!$C:$C,Hair!$D8,'Offtake Raw'!$D:$D,Hair!$E8)/1000000 -> 0.168916 | T8: =SUMIFS('Offtake Raw'!V:V,'Offtake Raw'!$C:$C,Hair!$D8,'Offtake Raw'!$D:$D,Hair!$E8)/1000000 -> 0.121726 | U8: =SUMIFS('Offtake Raw'!W:W,'Offtake Raw'!$C:$C,Hair!$D8,'Offtake Raw'!$D:$D,Hair!$E8)/1000000 -> 0.126566 | V8: =SUMIFS('Offtake Raw'!X:X,'Offtake Raw'!$C:$C,Hair!$D8,'Offtake Raw'!$D:$D,Hair!$E8)/1000000 -> 0.325006 | W8: =SUMIFS('Offtake Raw'!Y:Y,'Offtake Raw'!$C:$C,Hair!$D8,'Offtake Raw'!$D:$D,Hair!$E8)/1000000 -> 0.157058 | X8: =SUMIFS('Offtake Raw'!Z:Z,'Offtake Raw'!$C:$C,Hair!$D8,'Offtake Raw'!$D:$D,Hair!$E8)/1000000 -> 0.151492 | Y8: =SUMIFS('Offtake Raw'!AA:AA,'Offtake Raw'!$C:$C,Hair!$D8,'Offtake Raw'!$D:$D,Hair!$E8)/1000000 -> 0.132374 | Z8: =SUMIFS('Offtake Raw'!AB:AB,'Offtake Raw'!$C:$C,Hair!$D8,'Offtake Raw'!$D:$D,Hair!$E8)/1000000 -> 0.456654 | AA8: =SUMIFS('Offtake Raw'!AC:AC,'Offtake Raw'!$C:$C,Hair!$D8,'Offtake Raw'!$D:$D,Hair!$E8)/1000000 -> 0.237644 | AB8: =SUMIFS('Offtake Raw'!AD:AD,'Offtake Raw'!$C:$C,Hair!$D8,'Offtake Raw'!$D:$D,Hair!$E8)/1000000 -> 0.270798 | AC8: =SUMIFS('Offtake Raw'!AE:AE,'Offtake Raw'!$C:$C,Hair!$D8,'Offtake Raw'!$D:$D,Hair!$E8)/1000000 -> 0.230384 | AD8: =SUMIFS('Offtake Raw'!AF:AF,'Offtake Raw'!$C:$C,Hair!$D8,'Offtake Raw'!$D:$D,Hair!$E8)/1000000 -> 0.149556 | AE8: =SUMIFS('Offtake Raw'!AG:AG,'Offtake Raw'!$C:$C,Hair!$D8,'Offtake Raw'!$D:$D,Hair!$E8)/1000000 -> 0.168916 | AF8: =SUMIFS('Offtake Raw'!AH:AH,'Offtake Raw'!$C:$C,Hair!$D8,'Offtake Raw'!$D:$D,Hair!$E8)/1000000 -> 0.153428 | AG8: =SUMIFS('Offtake Raw'!AI:AI,'Offtake Raw'!$C:$C,Hair!$D8,'Offtake Raw'!$D:$D,Hair!$E8)/1000000 -> 0.23955311 | AH8: =AH14+AH20 -> 0.27 | AI8: =AI14+AI20 -> 0.27 | AK8: 0.12 | AL8: =AG8-AK8 -> 0.11955311 | AN8: =IFERROR(AG8/U8*100,"NA") -> 189.2713 | AO8: =IFERROR(SUM(X8:AG8)/SUM(L8:U8)*100,"NA") -> 163.87969 | AP8: =IFERROR(SUM(AD8:AG8)/SUM(R8:U8)*100,"NA") -> 131.01109 | AQ8: =IFERROR(SUM(X8:Z8)/SUM(L8:N8)*100,"NA") -> 176.45974 | AR8: =IFERROR(SUM(AA8:AC8)/SUM(O8:Q8)*100,"NA") -> 197.47736 | AS8: =IFERROR(SUM(AD8:AF8)/SUM(R8:T8)*100,"NA") -> 113.30622 | AT8: =IFERROR(SUM(AG8:AI8)/SUM(U8:W8)*100,"NA") -> 128.08325 | AU8: =IFERROR(SUM(X8:AC8)/SUM(L8:Q8)*100,"NA") -> 186.36589 | AV8: =IFERROR(SUM(AD8:AI8)/SUM(R8:W8)*100,"NA") -> 122.07965 | AW8: =IFERROR(SUM(X8:AI8)/SUM(L8:W8)*100,"NA") -> 150.13483
A9: Offtake | B9: Total | C9: Hair | D9: HNS | E9: Baymax | F9: 0 | G9: 0 | H9: 0 | I9: 0 | J9: 0 | K9: 0 | L9: 0 | M9: 0 | N9: 0 | O9: 0 | P9: 0 | Q9: 0 | R9: 0 | S9: 0 | T9: 0 | U9: 0 | V9: 0 | W9: 0 | X9: 0 | Y9: 0 | Z9: 0 | AA9: 0 | AB9: 0 | AC9: 0 | AD9: 0 | AE9: =SUMIFS('Offtake Raw'!AG:AG,'Offtake Raw'!$C:$C,Hair!$D9,'Offtake Raw'!$D:$D,Hair!$E9)/1000000 -> 0.2086656 | AF9: =SUMIFS('Offtake Raw'!AH:AH,'Offtake Raw'!$C:$C,Hair!$D9,'Offtake Raw'!$D:$D,Hair!$E9)/1000000 -> 0.171912 | AG9: =SUMIFS('Offtake Raw'!AI:AI,'Offtake Raw'!$C:$C,Hair!$D9,'Offtake Raw'!$D:$D,Hair!$E9)/1000000 -> 0.1419756 | AH9: =AH15+AH21 -> 0.15 | AI9: =AI15+AI21 -> 0.15 | AK9: 0.15 | AL9: =AG9-AK9 -> -0.0080244 | AN9: =IFERROR(AG9/U9*100,"NA") -> NA | AO9: =IFERROR(SUM(X9:AG9)/SUM(L9:U9)*100,"NA") -> NA | AP9: =IFERROR(SUM(AD9:AG9)/SUM(R9:U9)*100,"NA") -> NA | AQ9: =IFERROR(SUM(X9:Z9)/SUM(L9:N9)*100,"NA") -> NA | AR9: =IFERROR(SUM(AA9:AC9)/SUM(O9:Q9)*100,"NA") -> NA | AS9: =IFERROR(SUM(AD9:AF9)/SUM(R9:T9)*100,"NA") -> NA | AT9: =IFERROR(SUM(AG9:AI9)/SUM(U9:W9)*100,"NA") -> NA | AU9: =IFERROR(SUM(X9:AC9)/SUM(L9:Q9)*100,"NA") -> NA | AV9: =IFERROR(SUM(AD9:AI9)/SUM(R9:W9)*100,"NA") -> NA | AW9: =IFERROR(SUM(X9:AI9)/SUM(L9:W9)*100,"NA") -> NA
A10: Offtake | B10: Total | C10: Hair | D10: HNS | E10: Base | F10: =SUMIFS('Offtake Raw'!H:H,'Offtake Raw'!$C:$C,Hair!$D10,'Offtake Raw'!$D:$D,Hair!$E10)/1000000 -> 0.78234055 | G10: =SUMIFS('Offtake Raw'!I:I,'Offtake Raw'!$C:$C,Hair!$D10,'Offtake Raw'!$D:$D,Hair!$E10)/1000000 -> 1.0940766 | H10: =SUMIFS('Offtake Raw'!J:J,'Offtake Raw'!$C:$C,Hair!$D10,'Offtake Raw'!$D:$D,Hair!$E10)/1000000 -> 1.0197256 | I10: =SUMIFS('Offtake Raw'!K:K,'Offtake Raw'!$C:$C,Hair!$D10,'Offtake Raw'!$D:$D,Hair!$E10)/1000000 -> 0.79374586 | J10: =SUMIFS('Offtake Raw'!L:L,'Offtake Raw'!$C:$C,Hair!$D10,'Offtake Raw'!$D:$D,Hair!$E10)/1000000 -> 1.1190149 | K10: =SUMIFS('Offtake Raw'!M:M,'Offtake Raw'!$C:$C,Hair!$D10,'Offtake Raw'!$D:$D,Hair!$E10)/1000000 -> 1.3351709 | L10: =SUMIFS('Offtake Raw'!N:N,'Offtake Raw'!$C:$C,Hair!$D10,'Offtake Raw'!$D:$D,Hair!$E10)/1000000 -> 1.1507807 | M10: =SUMIFS('Offtake Raw'!O:O,'Offtake Raw'!$C:$C,Hair!$D10,'Offtake Raw'!$D:$D,Hair!$E10)/1000000 -> 1.0491227 | N10: =SUMIFS('Offtake Raw'!P:P,'Offtake Raw'!$C:$C,Hair!$D10,'Offtake Raw'!$D:$D,Hair!$E10)/1000000 -> 0.84085229 | O10: =SUMIFS('Offtake Raw'!Q:Q,'Offtake Raw'!$C:$C,Hair!$D10,'Offtake Raw'!$D:$D,Hair!$E10)/1000000 -> 1.0239015 | P10: =SUMIFS('Offtake Raw'!R:R,'Offtake Raw'!$C:$C,Hair!$D10,'Offtake Raw'!$D:$D,Hair!$E10)/1000000 -> 1.2224271 | Q10: =SUMIFS('Offtake Raw'!S:S,'Offtake Raw'!$C:$C,Hair!$D10,'Offtake Raw'!$D:$D,Hair!$E10)/1000000 -> 1.0861163 | R10: =SUMIFS('Offtake Raw'!T:T,'Offtake Raw'!$C:$C,Hair!$D10,'Offtake Raw'!$D:$D,Hair!$E10)/1000000 -> 0.95832251 | S10: =SUMIFS('Offtake Raw'!U:U,'Offtake Raw'!$C:$C,Hair!$D10,'Offtake Raw'!$D:$D,Hair!$E10)/1000000 -> 0.89140705 | T10: =SUMIFS('Offtake Raw'!V:V,'Offtake Raw'!$C:$C,Hair!$D10,'Offtake Raw'!$D:$D,Hair!$E10)/1000000 -> 0.76799943 | U10: =SUMIFS('Offtake Raw'!W:W,'Offtake Raw'!$C:$C,Hair!$D10,'Offtake Raw'!$D:$D,Hair!$E10)/1000000 -> 2.2065747 | V10: =SUMIFS('Offtake Raw'!X:X,'Offtake Raw'!$C:$C,Hair!$D10,'Offtake Raw'!$D:$D,Hair!$E10)/1000000 -> 2.3961105 | W10: =SUMIFS('Offtake Raw'!Y:Y,'Offtake Raw'!$C:$C,Hair!$D10,'Offtake Raw'!$D:$D,Hair!$E10)/1000000 -> 1.1322083 | X10: =SUMIFS('Offtake Raw'!Z:Z,'Offtake Raw'!$C:$C,Hair!$D10,'Offtake Raw'!$D:$D,Hair!$E10)/1000000 -> 1.2178078 | Y10: =SUMIFS('Offtake Raw'!AA:AA,'Offtake Raw'!$C:$C,Hair!$D10,'Offtake Raw'!$D:$D,Hair!$E10)/1000000 -> 0.92970875 | Z10: =SUMIFS('Offtake Raw'!AB:AB,'Offtake Raw'!$C:$C,Hair!$D10,'Offtake Raw'!$D:$D,Hair!$E10)/1000000 -> 0.77257652 | AA10: =SUMIFS('Offtake Raw'!AC:AC,'Offtake Raw'!$C:$C,Hair!$D10,'Offtake Raw'!$D:$D,Hair!$E10)/1000000 -> 1.1742547 | AB10: =SUMIFS('Offtake Raw'!AD:AD,'Offtake Raw'!$C:$C,Hair!$D10,'Offtake Raw'!$D:$D,Hair!$E10)/1000000 -> 1.4194614 | AC10: =SUMIFS('Offtake Raw'!AE:AE,'Offtake Raw'!$C:$C,Hair!$D10,'Offtake Raw'!$D:$D,Hair!$E10)/1000000 -> 1.2067664 | AD10: =SUMIFS('Offtake Raw'!AF:AF,'Offtake Raw'!$C:$C,Hair!$D10,'Offtake Raw'!$D:$D,Hair!$E10)/1000000 -> 1.0095541 | AE10: =SUMIFS('Offtake Raw'!AG:AG,'Offtake Raw'!$C:$C,Hair!$D10,'Offtake Raw'!$D:$D,Hair!$E10)/1000000 -> 0.96585441 | AF10: =SUMIFS('Offtake Raw'!AH:AH,'Offtake Raw'!$C:$C,Hair!$D10,'Offtake Raw'!$D:$D,Hair!$E10)/1000000 -> 0.74329502 | AG10: =SUMIFS('Offtake Raw'!AI:AI,'Offtake Raw'!$C:$C,Hair!$D10,'Offtake Raw'!$D:$D,Hair!$E10)/1000000 -> 1.0227545 | AH10: =AH16+AH22 -> 1 | AI10: =AI16+AI22 -> 1.2 | AK10: 1 | AL10: =AG10-AK10 -> 0.022754451 | AN10: =IFERROR(AG10/U10*100,"NA") -> 46.35032 | AO10: =IFERROR(SUM(X10:AG10)/SUM(L10:U10)*100,"NA") -> 93.431833 | AP10: =IFERROR(SUM(AD10:AG10)/SUM(R10:U10)*100,"NA") -> 77.554363 | AQ10: =IFERROR(SUM(X10:Z10)/SUM(L10:N10)*100,"NA") -> 96.031818 | AR10: =IFERROR(SUM(AA10:AC10)/SUM(O10:Q10)*100,"NA") -> 114.04487 | AS10: =IFERROR(SUM(AD10:AF10)/SUM(R10:T10)*100,"NA") -> 103.85734 | AT10: =IFERROR(SUM(AG10:AI10)/SUM(U10:W10)*100,"NA") -> 56.19554 | AU10: =IFERROR(SUM(X10:AC10)/SUM(L10:Q10)*100,"NA") -> 105.45056 | AV10: =IFERROR(SUM(AD10:AI10)/SUM(R10:W10)*100,"NA") -> 71.132844 | AW10: =IFERROR(SUM(X10:AI10)/SUM(L10:W10)*100,"NA") -> 85.985235
A11: Offtake | B11: Total | C11: Hair | D11: HNS | E11: Core+ | F11: =SUM(F7,F8,F9) -> 0.3737612 | G11: =SUM(G7,G8,G9) -> 0.4263014 | H11: =SUM(H7,H8,H9) -> 0.4100002 | I11: =SUM(I7,I8,I9) -> 0.3609095 | J11: =SUM(J7,J8,J9) -> 0.3793807 | K11: =SUM(K7,K8,K9) -> 0.4898772 | L11: =SUM(L7,L8,L9) -> 0.3349253 | M11: =SUM(M7,M8,M9) -> 0.6116397 | ... AI11: =SUM(AI7,AI8,AI9) -> 1.27 | AK11: 0.62 | AL11: =AG11-AK11 -> 0.43539715 | AN11: =IFERROR(AG11/U11*100,"NA") -> 197.12893 | AO11: =IFERROR(SUM(X11:AG11)/SUM(L11:U11)*100,"NA") -> 162.66355 | AP11: =IFERROR(SUM(AD11:AG11)/SUM(R11:U11)*100,"NA") -> 138.29873 | AQ11: =IFERROR(SUM(X11:Z11)/SUM(L11:N11)*100,"NA") -> 188.73407 | AR11: =IFERROR(SUM(AA11:AC11)/SUM(O11:Q11)*100,"NA") -> 175.1927 | AS11: =IFERROR(SUM(AD11:AF11)/SUM(R11:T11)*100,"NA") -> 121.34624 | AT11: =IFERROR(SUM(AG11:AI11)/SUM(U11:W11)*100,"NA") -> 180.30756 | AU11: =IFERROR(SUM(X11:AC11)/SUM(L11:Q11)*100,"NA") -> 181.73486 | AV11: =IFERROR(SUM(AD11:AI11)/SUM(R11:W11)*100,"NA") -> 151.02526 | AW11: =IFERROR(SUM(X11:AI11)/SUM(L11:W11)*100,"NA") -> 164.83654
A12: Offtake | B12: Normal | C12: Hair | D12: HNS | E12: Total | F12: =SUM(F17,F16) -> 1.47 | G12: =SUM(G17,G16) -> 1.47 | H12: =SUM(H17,H16) -> 1.47 | I12: =SUM(I17,I16) -> 1.47 | J12: =SUM(J17,J16) -> 1.47 | K12: =SUM(K17,K16) -> 1.47 | L12: =SUM(L17,L16) -> 1.47 | M12: =SUM(M17,M16) -> 1.47 | ... AI12: =SUM(AI17,AI16) -> 1.47
A13: Offtake | B13: Normal | C13: Hair | D13: HNS | E13: Ironman | F13: 0.35 | G13: 0.35 | H13: 0.35 | I13: 0.35 | J13: 0.35 | K13: 0.35 | L13: 0.35 | M13: 0.35 | N13: 0.35 | O13: 0.35 | P13: 0.35 | Q13: 0.35 | R13: 0.35 | S13: 0.35 | T13: 0.35 | U13: 0.35 | V13: 0.35 | W13: 0.35 | X13: 0.35 | Y13: 0.35 | Z13: 0.35 | AA13: 0.35 | AB13: 0.35 | AC13: 0.35 | AD13: 0.35 | AE13: 0.35 | AF13: 0.35 | AG13: 0.35 | AH13: 0.35 | AI13: 0.35
A14: Offtake | B14: Normal | C14: Hair | D14: HNS | E14: Bullseye | F14: 0.12 | G14: 0.12 | H14: 0.12 | I14: 0.12 | J14: 0.12 | K14: 0.12 | L14: 0.12 | M14: 0.12 | N14: 0.12 | O14: 0.12 | P14: 0.12 | Q14: 0.12 | R14: 0.12 | S14: 0.12 | T14: 0.12 | U14: 0.12 | V14: 0.12 | W14: 0.12 | X14: 0.12 | Y14: 0.12 | Z14: 0.12 | AA14: 0.12 | AB14: 0.12 | AC14: 0.12 | AD14: 0.12 | AE14: 0.12 | AF14: 0.12 | AG14: 0.12 | AH14: 0.12 | AI14: 0.12
A15: Offtake | B15: Normal | C15: Hair | D15: HNS | E15: Baymax | F15: 0 | G15: 0 | H15: 0 | I15: 0 | J15: 0 | K15: 0 | L15: 0 | M15: 0 | N15: 0 | O15: 0 | P15: 0 | Q15: 0 | R15: 0 | S15: 0 | T15: 0 | U15: 0 | V15: 0 | W15: 0 | X15: 0 | Y15: 0 | Z15: 0 | AA15: 0 | AB15: 0 | AC15: 0 | AD15: 0 | AE15: 0 | AF15: 0 | AG15: 0 | AH15: 0 | AI15: 0
A16: Offtake | B16: Normal | C16: Hair | D16: HNS | E16: Base | F16: 1 | G16: 1 | H16: 1 | I16: 1 | J16: 1 | K16: 1 | L16: 1 | M16: 1 | N16: 1 | O16: 1 | P16: 1 | Q16: 1 | R16: 1 | S16: 1 | T16: 1 | U16: 1 | V16: 1 | W16: 1 | X16: 1 | Y16: 1 | Z16: 1 | AA16: 1 | AB16: 1 | AC16: 1 | AD16: 1 | AE16: 1 | AF16: 1 | AG16: 1 | AH16: 1 | AI16: 1
A17: Offtake | B17: Normal | C17: Hair | D17: HNS | E17: Core+ | F17: =SUM(F13,F14,F15) -> 0.47 | G17: =SUM(G13,G14,G15) -> 0.47 | H17: =SUM(H13,H14,H15) -> 0.47 | I17: =SUM(I13,I14,I15) -> 0.47 | J17: =SUM(J13,J14,J15) -> 0.47 | K17: =SUM(K13,K14,K15) -> 0.47 | L17: =SUM(L13,L14,L15) -> 0.47 | M17: =SUM(M13,M14,M15) -> 0.47 | ... AI17: =SUM(AI13,AI14,AI15) -> 0.47
A18: Offtake | B18: Uplift | C18: Hair | D18: HNS | E18: Total | AD18: =SUM(AD23,AD22) -> 0 | AE18: =SUM(AE23,AE22) -> 0.1 | AF18: =SUM(AF23,AF22) -> 0.4 | AG18: =SUM(AG23,AG22) -> 0.15 | AH18: =SUM(AH23,AH22) -> 0.6 | AI18: =SUM(AI23,AI22) -> 1
A19: Offtake | B19: Uplift | C19: Hair | D19: HNS | E19: Ironman | AH19: 0.3 | AI19: 0.5
A20: Offtake | B20: Uplift | C20: Hair | D20: HNS | E20: Bullseye | AH20: 0.15 | AI20: 0.15
A21: Offtake | B21: Uplift | C21: Hair | D21: HNS | E21: Baymax | AE21: 0.1 | AF21: 0.1 | AG21: 0.15 | AH21: 0.15 | AI21: 0.15
A22: Offtake | B22: Uplift | C22: Hair | D22: HNS | E22: Base | AF22: 0.3 | AI22: 0.2
A23: Offtake | B23: Uplift | C23: Hair | D23: HNS | E23: Core+ | AD23: =SUM(AD19,AD20,AD21) -> 0 | AE23: =SUM(AE19,AE20,AE21) -> 0.1 | AF23: =SUM(AF19,AF20,AF21) -> 0.1 | AG23: =SUM(AG19,AG20,AG21) -> 0.15 | AH23: =SUM(AH19,AH20,AH21) -> 0.6 | AI23: =SUM(AI19,AI20,AI21) -> 0.8
A24: Sell-Thru | B24: Total | C24: Hair | D24: HNS | E24: Total | F24: =F28+F29 -> 1.2118073 | G24: =G28+G29 -> 1.1418995 | H24: =H28+H29 -> 1.5661167 | I24: =I28+I29 -> 0.98512224 | J24: =J28+J29 -> 3.4274797 | K24: =K28+K29 -> 1.3125103 | L24: =L28+L29 -> 2.503759 | M24: =M28+M29 -> 0.78586634 | ... AI24: =AI28+AI29 -> 2.49 | AK24: 1.52 | AL24: =AG24-AK24 -> 0.05 | AN24: =IFERROR(AG24/U24*100,"NA") -> 31.82573 | AO24: =IFERROR(SUM(X24:AG24)/SUM(L24:U24)*100,"NA") -> 102.21504 | AP24: =IFERROR(SUM(AD24:AG24)/SUM(R24:U24)*100,"NA") -> 96.404858 | AQ24: =IFERROR(SUM(X24:Z24)/SUM(L24:N24)*100,"NA") -> 106.91484 | AR24: =IFERROR(SUM(AA24:AC24)/SUM(O24:Q24)*100,"NA") -> 107.5161 | AS24: =IFERROR(SUM(AD24:AF24)/SUM(R24:T24)*100,"NA") -> 178.73163 | AT24: =IFERROR(SUM(AG24:AI24)/SUM(U24:W24)*100,"NA") -> 75.479014 | AU24: =IFERROR(SUM(X24:AC24)/SUM(L24:Q24)*100,"NA") -> 107.25253 | AV24: =IFERROR(SUM(AD24:AI24)/SUM(R24:W24)*100,"NA") -> 106.03162 | AW24: =IFERROR(SUM(X24:AI24)/SUM(L24:W24)*100,"NA") -> 106.56522
A25: Sell-Thru | B25: Total | C25: Hair | D25: HNS | E25: Ironman | F25: 0.1528538 | G25: 0.1585488 | H25: 0.2487576 | I25: 0.2321282 | J25: 0.1635604 | K25: 0.2378232 | L25: 1.3613328 | M25: 0.111622 | N25: 0.2514912 | O25: 0.3526344 | P25: 0.8581226 | Q25: 1.0512888 | R25: 0.2188032 | S25: 0.1883352 | T25: 0.5178674 | U25: 0.2405568 | V25: 0.2565808 | W25: 0.3670248 | X25: 1.4609304 | Y25: 0.4817832 | Z25: 0.2138608 | AA25: 0.0070088 | AB25: 1.9098134 | AC25: 0.4711116 | AD25: 0.5119521 | AE25: 0.3 | AF25: 0.37 | AG25: 0.42 | AH25: =AH7+AH31+AH37 -> 1.37 | AI25: =AI7+AI31+AI37 -> 0.97 | AK25: 0.35 | AL25: =AG25-AK25 -> 0.07 | AN25: =IFERROR(AG25/U25*100,"NA") -> 174.59494 | AO25: =IFERROR(SUM(X25:AG25)/SUM(L25:U25)*100,"NA") -> 119.30115 | AP25: =IFERROR(SUM(AD25:AG25)/SUM(R25:U25)*100,"NA") -> 137.44025 | AQ25: =IFERROR(SUM(X25:Z25)/SUM(L25:N25)*100,"NA") -> 125.05897 | AR25: =IFERROR(SUM(AA25:AC25)/SUM(O25:Q25)*100,"NA") -> 105.56523 | AS25: =IFERROR(SUM(AD25:AF25)/SUM(R25:T25)*100,"NA") -> 127.7778 | AT25: =IFERROR(SUM(AG25:AI25)/SUM(U25:W25)*100,"NA") -> 319.38441 | AU25: =IFERROR(SUM(X25:AC25)/SUM(L25:Q25)*100,"NA") -> 113.99768 | AV25: =IFERROR(SUM(AD25:AI25)/SUM(R25:W25)*100,"NA") -> 220.32317 | AW25: =IFERROR(SUM(X25:AI25)/SUM(L25:W25)*100,"NA") -> 146.9349
A26: Sell-Thru | B26: Total | C26: Hair | D26: HNS | E26: Bullseye | F26: 0.0585743 | G26: 0.0955771 | H26: 0.1119175 | I26: -0.006322 | J26: 0.2937044 | K26: 0.2759254 | L26: 0.107448 | M26: 0.1315385 | N26: 0.0603823 | O26: 0.05808 | P26: -0.1739562 | Q26: 0.151008 | R26: 0.1622772 | S26: 0.40339232 | T26: 0.10842846 | U26: 0.1452 | V26: 0.66913 | W26: 0.191664 | X26: 0.05717412 | Y26: 0.11210812 | Z26: 0.25026122 | AA26: 0.59807518 | AB26: 0.05826636 | AC26: 0.27463894 | AD26: 0.20745612 | AE26: 0.21 | AF26: 0.16 | AG26: 0.22 | AH26: =AH8+AH32+AH38 -> 0.27 | AI26: =AI8+AI32+AI38 -> 0.27 | AK26: 0.12 | AL26: =AG26-AK26 -> 0.1 | AN26: =IFERROR(AG26/U26*100,"NA") -> 151.51515 | AO26: =IFERROR(SUM(X26:AG26)/SUM(L26:U26)*100,"NA") -> 186.16595 | AP26: =IFERROR(SUM(AD26:AG26)/SUM(R26:U26)*100,"NA") -> 97.334076 | AQ26: =IFERROR(SUM(X26:Z26)/SUM(L26:N26)*100,"NA") -> 140.14268 | AR26: =IFERROR(SUM(AA26:AC26)/SUM(O26:Q26)*100,"NA") -> 2649.9652 | AS26: =IFERROR(SUM(AD26:AF26)/SUM(R26:T26)*100,"NA") -> 85.663529 | AT26: =IFERROR(SUM(AG26:AI26)/SUM(U26:W26)*100,"NA") -> 75.54717 | AU26: =IFERROR(SUM(X26:AC26)/SUM(L26:Q26)*100,"NA") -> 403.74335 | AV26: =IFERROR(SUM(AD26:AI26)/SUM(R26:W26)*100,"NA") -> 79.606125 | AW26: =IFERROR(SUM(X26:AI26)/SUM(L26:W26)*100,"NA") -> 133.42549
A27: Sell-Thru | B27: Total | C27: Hair | D27: HNS | E27: Baymax | F27: 0 | G27: 0 | H27: 0 | I27: 0 | J27: 0 | K27: 0 | L27: 0 | M27: 0 | N27: 0 | O27: 0 | P27: 0 | Q27: 0 | R27: 0 | S27: 0 | T27: 0 | U27: 0 | V27: 0 | W27: 0 | X27: 0 | Y27: 0 | Z27: 0 | AA27: 0 | AB27: 0 | AC27: 0 | AD27: 0 | AE27: 2 | AF27: 0.07 | AG27: 0 | AH27: =AH9+AH33+AH39 -> 0.25 | AI27: =AI9+AI33+AI39 -> 0.05 | AK27: 0.05 | AL27: =AG27-AK27 -> -0.05 | AN27: =IFERROR(AG27/U27*100,"NA") -> NA | AO27: =IFERROR(SUM(X27:AG27)/SUM(L27:U27)*100,"NA") -> NA | AP27: =IFERROR(SUM(AD27:AG27)/SUM(R27:U27)*100,"NA") -> NA | AQ27: =IFERROR(SUM(X27:Z27)/SUM(L27:N27)*100,"NA") -> NA | AR27: =IFERROR(SUM(AA27:AC27)/SUM(O27:Q27)*100,"NA") -> NA | AS27: =IFERROR(SUM(AD27:AF27)/SUM(R27:T27)*100,"NA") -> NA | AT27: =IFERROR(SUM(AG27:AI27)/SUM(U27:W27)*100,"NA") -> NA | AU27: =IFERROR(SUM(X27:AC27)/SUM(L27:Q27)*100,"NA") -> NA | AV27: =IFERROR(SUM(AD27:AI27)/SUM(R27:W27)*100,"NA") -> NA | AW27: =IFERROR(SUM(X27:AI27)/SUM(L27:W27)*100,"NA") -> NA
A28: Sell-Thru | B28: Total | C28: Hair | D28: HNS | E28: Base | F28: 1.0003792 | G28: 0.88777361 | H28: 1.2054416 | I28: 0.75931604 | J28: 2.9702149 | K28: 0.79876173 | L28: 1.0349782 | M28: 0.54270584 | N28: 0.84928521 | O28: 1.5451836 | P28: 0.82570177 | Q28: 1.0341901 | R28: 0.94351448 | S28: 0.64743623 | T28: 0.67960144 | U28: 4.5473587 | V28: 2.111422 | W28: 0.67892035 | X28: 0.75557597 | Y28: 0.78741831 | Z28: 0.63943647 | AA28: 0.86812476 | AB28: 0.8007345 | AC28: 1.1430667 | AD28: 1.036891 | AE28: 1.45 | AF28: 0.6 | AG28: 0.93 | AH28: =AH10+AH34+AH40 -> 1 | AI28: =AI10+AI34+AI40 -> 1.2 | AK28: 1 | AL28: =AG28-AK28 -> -0.07 | AN28: =IFERROR(AG28/U28*100,"NA") -> 20.451433 | AO28: =IFERROR(SUM(X28:AG28)/SUM(L28:U28)*100,"NA") -> 71.23541 | AP28: =IFERROR(SUM(AD28:AG28)/SUM(R28:U28)*100,"NA") -> 58.916743 | AQ28: =IFERROR(SUM(X28:Z28)/SUM(L28:N28)*100,"NA") -> 89.92412 | AR28: =IFERROR(SUM(AA28:AC28)/SUM(O28:Q28)*100,"NA") -> 82.58043 | AS28: =IFERROR(SUM(AD28:AF28)/SUM(R28:T28)*100,"NA") -> 135.95332 | AT28: =IFERROR(SUM(AG28:AI28)/SUM(U28:W28)*100,"NA") -> 42.656412 | AU28: =IFERROR(SUM(X28:AC28)/SUM(L28:Q28)*100,"NA") -> 85.636461 | AV28: =IFERROR(SUM(AD28:AI28)/SUM(R28:W28)*100,"NA") -> 64.703655 | AW28: =IFERROR(SUM(X28:AI28)/SUM(L28:W28)*100,"NA") -> 72.610307
A29: Sell-Thru | B29: Total | C29: Hair | D29: HNS | E29: Core+ | F29: =F27+F26+F25 -> 0.2114281 | G29: =G27+G26+G25 -> 0.2541259 | H29: =H27+H26+H25 -> 0.3606751 | I29: =I27+I26+I25 -> 0.2258062 | J29: =J27+J26+J25 -> 0.4572648 | K29: =K27+K26+K25 -> 0.5137486 | L29: =L27+L26+L25 -> 1.4687808 | M29: =M27+M26+M25 -> 0.2431605 | ... AG29: =AG27+AG26+AG25 -> 0.64 | AH29: =AH11+AH35+AH41 -> 1.89 | AI29: =AI11+AI35+AI41 -> 1.29 | AK29: 0.52 | AL29: =AG29-AK29 -> 0.12 | AN29: =IFERROR(AG29/U29*100,"NA") -> 165.90764 | AO29: =IFERROR(SUM(X29:AG29)/SUM(L29:U29)*100,"NA") -> 164.36223 | AP29: =IFERROR(SUM(AD29:AG29)/SUM(R29:U29)*100,"NA") -> 225.17492 | AQ29: =IFERROR(SUM(X29:Z29)/SUM(L29:N29)*100,"NA") -> 127.2902 | AR29: =IFERROR(SUM(AA29:AC29)/SUM(O29:Q29)*100,"NA") -> 144.47791 | AS29: =IFERROR(SUM(AD29:AF29)/SUM(R29:T29)*100,"NA") -> 239.47215 | AT29: =IFERROR(SUM(AG29:AI29)/SUM(U29:W29)*100,"NA") -> 204.26099 | AU29: =IFERROR(SUM(X29:AC29)/SUM(L29:Q29)*100,"NA") -> 136.42774 | AV29: =IFERROR(SUM(AD29:AI29)/SUM(R29:W29)*100,"NA") -> 220.49105 | AW29: =IFERROR(SUM(X29:AI29)/SUM(L29:W29)*100,"NA") -> 173.86394
A30: Sell-Thru | B30: Display | C30: Hair | D30: HNS | E30: Total | AD30: =SUM(AD35,AD34) -> 0 | AE30: =SUM(AE35,AE34) -> 0.972192 | AF30: =SUM(AF35,AF34) -> 0 | AG30: =SUM(AG35,AG34) -> 0 | AH30: =SUM(AH35,AH34) -> 0.92 | AI30: =SUM(AI35,AI34) -> 0.12
A31: Sell-Thru | B31: Display | C31: Hair | D31: HNS | E31: Ironman | AH31: =1.2*0.6 -> 0.72 | AI31: =0.2*0.6 -> 0.12
A32: Sell-Thru | B32: Display | C32: Hair | D32: HNS | E32: Bullseye
A33: Sell-Thru | B33: Display | C33: Hair | D33: HNS | E33: Baymax | AE33: =296.4*410*4*2/1000000+N("P3 Baymanx Hotspot pipeline") -> 0.972192 | AF33: =296.4*460*4*2/1000000*0+N("P3 Baymax Shelf pipeline") -> 0 | AH33: 0.2
A34: Sell-Thru | B34: Display | C34: Hair | D34: HNS | E34: Base
A35: Sell-Thru | B35: Display | C35: Hair | D35: HNS | E35: Core+ | AD35: =SUM(AD31,AD32,AD33) -> 0 | AE35: =SUM(AE31,AE32,AE33) -> 0.972192 | AF35: =SUM(AF31,AF32,AF33) -> 0 | AG35: =SUM(AG31,AG32,AG33) -> 0 | AH35: =SUM(AH31,AH32,AH33) -> 0.92 | AI35: =SUM(AI31,AI32,AI33) -> 0.12
A36: Sell-Thru | B36: Inv adj | C36: Hair | D36: HNS | E36: Total | AD36: =SUM(AD41,AD40) -> 0 | AE36: =SUM(AE41,AE40) -> 0 | AF36: =SUM(AF41,AF40) -> -0.55 | AG36: =SUM(AG41,AG40) -> -0.1 | AH36: =SUM(AH41,AH40) -> -0.1 | AI36: -0.1
A37: Sell-Thru | B37: Inv adj | C37: Hair | D37: HNS | E37: Ironman
A38: Sell-Thru | B38: Inv adj | C38: Hair | D38: HNS | E38: Bullseye
A39: Sell-Thru | B39: Inv adj | C39: Hair | D39: HNS | E39: Baymax | AF39: -0.1 | AG39: -0.1 | AH39: -0.1 | AI39: -0.1
A40: Sell-Thru | B40: Inv adj | C40: Hair | D40: HNS | E40: Base | AF40: -0.45
A41: Sell-Thru | B41: Inv adj | C41: Hair | D41: HNS | E41: Core+ | AD41: =SUM(AD37,AD38,AD39) -> 0 | AE41: =SUM(AE37,AE38,AE39) -> 0 | AF41: =SUM(AF37,AF38,AF39) -> -0.1 | AG41: =SUM(AG37,AG38,AG39) -> -0.1 | AH41: =SUM(AH37,AH38,AH39) -> -0.1 | AI41: -0.1
A42: Offtake | B42: Total | C42: Hair | D42: PTN | E42: Total | F42: =F48+F47 -> 3.6296792 | G42: =G48+G47 -> 3.4605706 | H42: =H48+H47 -> 3.1276284 | I42: =I48+I47 -> 3.1032522 | J42: =J48+J47 -> 2.6596319 | K42: =K48+K47 -> 2.6082213 | L42: =L48+L47 -> 2.9359616 | M42: =M48+M47 -> 2.5585862 | ... AI42: =AI48+AI47 -> 4.9025 | AK42: 5.56572 | AL42: =AG42-AK42 -> -0.72906386 | AN42: =IFERROR(AG42/U42*100,"NA") -> 163.65621 | AO42: =IFERROR(SUM(X42:AG42)/SUM(L42:U42)*100,"NA") -> 134.36048 | AP42: =IFERROR(SUM(AD42:AG42)/SUM(R42:U42)*100,"NA") -> 138.00142 | AQ42: =IFERROR(SUM(X42:Z42)/SUM(L42:N42)*100,"NA") -> 131.10558 | AR42: =IFERROR(SUM(AA42:AC42)/SUM(O42:Q42)*100,"NA") -> 132.67151 | AS42: =IFERROR(SUM(AD42:AF42)/SUM(R42:T42)*100,"NA") -> 130.08768 | AT42: =IFERROR(SUM(AG42:AI42)/SUM(U42:W42)*100,"NA") -> 122.03314 | AU42: =IFERROR(SUM(X42:AC42)/SUM(L42:Q42)*100,"NA") -> 132.05531 | AV42: =IFERROR(SUM(AD42:AI42)/SUM(R42:W42)*100,"NA") -> 125.57465 | AW42: =IFERROR(SUM(X42:AI42)/SUM(L42:W42)*100,"NA") -> 128.66
A43: Offtake | B43: Total | C43: Hair | D43: PTN | E43: 3MM | F43: =SUMIFS('Offtake Raw'!H:H,'Offtake Raw'!$C:$C,Hair!$D43,'Offtake Raw'!$D:$D,Hair!$E43)/1000000 -> 0.50845782 | G43: =SUMIFS('Offtake Raw'!I:I,'Offtake Raw'!$C:$C,Hair!$D43,'Offtake Raw'!$D:$D,Hair!$E43)/1000000 -> 0.52584466 | H43: =SUMIFS('Offtake Raw'!J:J,'Offtake Raw'!$C:$C,Hair!$D43,'Offtake Raw'!$D:$D,Hair!$E43)/1000000 -> 0.7848711 | I43: =SUMIFS('Offtake Raw'!K:K,'Offtake Raw'!$C:$C,Hair!$D43,'Offtake Raw'!$D:$D,Hair!$E43)/1000000 -> 0.72150261 | J43: =SUMIFS('Offtake Raw'!L:L,'Offtake Raw'!$C:$C,Hair!$D43,'Offtake Raw'!$D:$D,Hair!$E43)/1000000 -> 0.47559712 | K43: =SUMIFS('Offtake Raw'!M:M,'Offtake Raw'!$C:$C,Hair!$D43,'Offtake Raw'!$D:$D,Hair!$E43)/1000000 -> 0.33887149 | L43: =SUMIFS('Offtake Raw'!N:N,'Offtake Raw'!$C:$C,Hair!$D43,'Offtake Raw'!$D:$D,Hair!$E43)/1000000 -> 0.31790854 | M43: =SUMIFS('Offtake Raw'!O:O,'Offtake Raw'!$C:$C,Hair!$D43,'Offtake Raw'!$D:$D,Hair!$E43)/1000000 -> 0.42348764 | N43: =SUMIFS('Offtake Raw'!P:P,'Offtake Raw'!$C:$C,Hair!$D43,'Offtake Raw'!$D:$D,Hair!$E43)/1000000 -> 0.43923125 | O43: =SUMIFS('Offtake Raw'!Q:Q,'Offtake Raw'!$C:$C,Hair!$D43,'Offtake Raw'!$D:$D,Hair!$E43)/1000000 -> 0.47319392 | P43: =SUMIFS('Offtake Raw'!R:R,'Offtake Raw'!$C:$C,Hair!$D43,'Offtake Raw'!$D:$D,Hair!$E43)/1000000 -> 0.71755639 | Q43: =SUMIFS('Offtake Raw'!S:S,'Offtake Raw'!$C:$C,Hair!$D43,'Offtake Raw'!$D:$D,Hair!$E43)/1000000 -> 0.89823818 | R43: =SUMIFS('Offtake Raw'!T:T,'Offtake Raw'!$C:$C,Hair!$D43,'Offtake Raw'!$D:$D,Hair!$E43)/1000000 -> 0.37528213 | S43: =SUMIFS('Offtake Raw'!U:U,'Offtake Raw'!$C:$C,Hair!$D43,'Offtake Raw'!$D:$D,Hair!$E43)/1000000 -> 0.3242733 | T43: =SUMIFS('Offtake Raw'!V:V,'Offtake Raw'!$C:$C,Hair!$D43,'Offtake Raw'!$D:$D,Hair!$E43)/1000000 -> 0.26639927 | U43: =SUMIFS('Offtake Raw'!W:W,'Offtake Raw'!$C:$C,Hair!$D43,'Offtake Raw'!$D:$D,Hair!$E43)/1000000 -> 0.6803399 | V43: =SUMIFS('Offtake Raw'!X:X,'Offtake Raw'!$C:$C,Hair!$D43,'Offtake Raw'!$D:$D,Hair!$E43)/1000000 -> 0.86204892 | W43: =SUMIFS('Offtake Raw'!Y:Y,'Offtake Raw'!$C:$C,Hair!$D43,'Offtake Raw'!$D:$D,Hair!$E43)/1000000 -> 0.72716913 | X43: =SUMIFS('Offtake Raw'!Z:Z,'Offtake Raw'!$C:$C,Hair!$D43,'Offtake Raw'!$D:$D,Hair!$E43)/1000000 -> 1.1755438 | Y43: =SUMIFS('Offtake Raw'!AA:AA,'Offtake Raw'!$C:$C,Hair!$D43,'Offtake Raw'!$D:$D,Hair!$E43)/1000000 -> 0.55259342 | Z43: =SUMIFS('Offtake Raw'!AB:AB,'Offtake Raw'!$C:$C,Hair!$D43,'Offtake Raw'!$D:$D,Hair!$E43)/1000000 -> 0.54339559 | AA43: =SUMIFS('Offtake Raw'!AC:AC,'Offtake Raw'!$C:$C,Hair!$D43,'Offtake Raw'!$D:$D,Hair!$E43)/1000000 -> 1.233473 | AB43: =SUMIFS('Offtake Raw'!AD:AD,'Offtake Raw'!$C:$C,Hair!$D43,'Offtake Raw'!$D:$D,Hair!$E43)/1000000 -> 1.674546 | AC43: =SUMIFS('Offtake Raw'!AE:AE,'Offtake Raw'!$C:$C,Hair!$D43,'Offtake Raw'!$D:$D,Hair!$E43)/1000000 -> 2.3409795 | AD43: =SUMIFS('Offtake Raw'!AF:AF,'Offtake Raw'!$C:$C,Hair!$D43,'Offtake Raw'!$D:$D,Hair!$E43)/1000000 -> 0.82241014 | AE43: =SUMIFS('Offtake Raw'!AG:AG,'Offtake Raw'!$C:$C,Hair!$D43,'Offtake Raw'!$D:$D,Hair!$E43)/1000000 -> 2.0010519 | AF43: =SUMIFS('Offtake Raw'!AH:AH,'Offtake Raw'!$C:$C,Hair!$D43,'Offtake Raw'!$D:$D,Hair!$E43)/1000000 -> 1.4454736 | AG43: =SUMIFS('Offtake Raw'!AI:AI,'Offtake Raw'!$C:$C,Hair!$D43,'Offtake Raw'!$D:$D,Hair!$E43)/1000000 -> 1.857507 | AH43: =AH50+AH57 -> 1.73732 | AI43: =AI50+AI57 -> 1.28 | AK43: 2.66572 | AL43: =AG43-AK43 -> -0.80821299 | AN43: =IFERROR(AG43/U43*100,"NA") -> 273.02632 | AO43: =IFERROR(SUM(X43:AG43)/SUM(L43:U43)*100,"NA") -> 277.60827 | AP43: =IFERROR(SUM(AD43:AG43)/SUM(R43:U43)*100,"NA") -> 372.13526 | AQ43: =IFERROR(SUM(X43:Z43)/SUM(L43:N43)*100,"NA") -> 192.40048 | AR43: =IFERROR(SUM(AA43:AC43)/SUM(O43:Q43)*100,"NA") -> 251.26986 | AS43: =IFERROR(SUM(AD43:AF43)/SUM(R43:T43)*100,"NA") -> 441.93953 | AT43: =IFERROR(SUM(AG43:AI43)/SUM(U43:W43)*100,"NA") -> 214.79192 | AU43: =IFERROR(SUM(X43:AC43)/SUM(L43:Q43)*100,"NA") -> 230.01268 | AV43: =IFERROR(SUM(AD43:AI43)/SUM(R43:W43)*100,"NA") -> 282.6063 | AW43: =IFERROR(SUM(X43:AI43)/SUM(L43:W43)*100,"NA") -> 256.17163
A44: Offtake | B44: Total | C44: Hair | D44: PTN | E44: Marilyn | F44: =SUMIFS('Offtake Raw'!H:H,'Offtake Raw'!$C:$C,Hair!$D44,'Offtake Raw'!$D:$D,Hair!$E44)/1000000 -> 2.083631 | G44: =SUMIFS('Offtake Raw'!I:I,'Offtake Raw'!$C:$C,Hair!$D44,'Offtake Raw'!$D:$D,Hair!$E44)/1000000 -> 1.5304055 | H44: =SUMIFS('Offtake Raw'!J:J,'Offtake Raw'!$C:$C,Hair!$D44,'Offtake Raw'!$D:$D,Hair!$E44)/1000000 -> 1.4538711 | I44: =SUMIFS('Offtake Raw'!K:K,'Offtake Raw'!$C:$C,Hair!$D44,'Offtake Raw'!$D:$D,Hair!$E44)/1000000 -> 1.3728329 | J44: =SUMIFS('Offtake Raw'!L:L,'Offtake Raw'!$C:$C,Hair!$D44,'Offtake Raw'!$D:$D,Hair!$E44)/1000000 -> 1.0255438 | K44: =SUMIFS('Offtake Raw'!M:M,'Offtake Raw'!$C:$C,Hair!$D44,'Offtake Raw'!$D:$D,Hair!$E44)/1000000 -> 1.3178688 | L44: =SUMIFS('Offtake Raw'!N:N,'Offtake Raw'!$C:$C,Hair!$D44,'Offtake Raw'!$D:$D,Hair!$E44)/1000000 -> 1.7018298 | M44: =SUMIFS('Offtake Raw'!O:O,'Offtake Raw'!$C:$C,Hair!$D44,'Offtake Raw'!$D:$D,Hair!$E44)/1000000 -> 1.0623034 | N44: =SUMIFS('Offtake Raw'!P:P,'Offtake Raw'!$C:$C,Hair!$D44,'Offtake Raw'!$D:$D,Hair!$E44)/1000000 -> 0.8903653 | O44: =SUMIFS('Offtake Raw'!Q:Q,'Offtake Raw'!$C:$C,Hair!$D44,'Offtake Raw'!$D:$D,Hair!$E44)/1000000 -> 1.1540641 | P44: =SUMIFS('Offtake Raw'!R:R,'Offtake Raw'!$C:$C,Hair!$D44,'Offtake Raw'!$D:$D,Hair!$E44)/1000000 -> 2.2484702 | Q44: =SUMIFS('Offtake Raw'!S:S,'Offtake Raw'!$C:$C,Hair!$D44,'Offtake Raw'!$D:$D,Hair!$E44)/1000000 -> 2.542606 | R44: =SUMIFS('Offtake Raw'!T:T,'Offtake Raw'!$C:$C,Hair!$D44,'Offtake Raw'!$D:$D,Hair!$E44)/1000000 -> 1.8085792 | S44: =SUMIFS('Offtake Raw'!U:U,'Offtake Raw'!$C:$C,Hair!$D44,'Offtake Raw'!$D:$D,Hair!$E44)/1000000 -> 1.6827179 | T44: =SUMIFS('Offtake Raw'!V:V,'Offtake Raw'!$C:$C,Hair!$D44,'Offtake Raw'!$D:$D,Hair!$E44)/1000000 -> 1.067582 | U44: =SUMIFS('Offtake Raw'!W:W,'Offtake Raw'!$C:$C,Hair!$D44,'Offtake Raw'!$D:$D,Hair!$E44)/1000000 -> 0.92694414 | V44: =SUMIFS('Offtake Raw'!X:X,'Offtake Raw'!$C:$C,Hair!$D44,'Offtake Raw'!$D:$D,Hair!$E44)/1000000 -> 2.632714 | W44: =SUMIFS('Offtake Raw'!Y:Y,'Offtake Raw'!$C:$C,Hair!$D44,'Offtake Raw'!$D:$D,Hair!$E44)/1000000 -> 2.2234407 | X44: =SUMIFS('Offtake Raw'!Z:Z,'Offtake Raw'!$C:$C,Hair!$D44,'Offtake Raw'!$D:$D,Hair!$E44)/1000000 -> 1.64604 | Y44: =SUMIFS('Offtake Raw'!AA:AA,'Offtake Raw'!$C:$C,Hair!$D44,'Offtake Raw'!$D:$D,Hair!$E44)/1000000 -> 1.0958011 | Z44: =SUMIFS('Offtake Raw'!AB:AB,'Offtake Raw'!$C:$C,Hair!$D44,'Offtake Raw'!$D:$D,Hair!$E44)/1000000 -> 1.1960414 | AA44: =SUMIFS('Offtake Raw'!AC:AC,'Offtake Raw'!$C:$C,Hair!$D44,'Offtake Raw'!$D:$D,Hair!$E44)/1000000 -> 2.5048954 | AB44: =SUMIFS('Offtake Raw'!AD:AD,'Offtake Raw'!$C:$C,Hair!$D44,'Offtake Raw'!$D:$D,Hair!$E44)/1000000 -> 1.6097884 | AC44: =SUMIFS('Offtake Raw'!AE:AE,'Offtake Raw'!$C:$C,Hair!$D44,'Offtake Raw'!$D:$D,Hair!$E44)/1000000 -> 1.2681163 | AD44: =SUMIFS('Offtake Raw'!AF:AF,'Offtake Raw'!$C:$C,Hair!$D44,'Offtake Raw'!$D:$D,Hair!$E44)/1000000 -> 2.1078208 | AE44: =SUMIFS('Offtake Raw'!AG:AG,'Offtake Raw'!$C:$C,Hair!$D44,'Offtake Raw'!$D:$D,Hair!$E44)/1000000 -> 1.6926693 | AF44: =SUMIFS('Offtake Raw'!AH:AH,'Offtake Raw'!$C:$C,Hair!$D44,'Offtake Raw'!$D:$D,Hair!$E44)/1000000 -> 0.93942824 | AG44: =SUMIFS('Offtake Raw'!AI:AI,'Offtake Raw'!$C:$C,Hair!$D44,'Offtake Raw'!$D:$D,Hair!$E44)/1000000 -> 1.4116141 | AH44: =AH51+AH58 -> 2.0225 | AI44: =AI51+AI58 -> 2.0225 | AK44: 1.5 | AL44: =AG44-AK44 -> -0.088385881 | AN44: =IFERROR(AG44/U44*100,"NA") -> 152.28686 | AO44: =IFERROR(SUM(X44:AG44)/SUM(L44:U44)*100,"NA") -> 102.56375 | AP44: =IFERROR(SUM(AD44:AG44)/SUM(R44:U44)*100,"NA") -> 112.13508 | AQ44: =IFERROR(SUM(X44:Z44)/SUM(L44:N44)*100,"NA") -> 107.75439 | AR44: =IFERROR(SUM(AA44:AC44)/SUM(O44:Q44)*100,"NA") -> 90.541178 | AS44: =IFERROR(SUM(AD44:AF44)/SUM(R44:T44)*100,"NA") -> 103.97114 | AT44: =IFERROR(SUM(AG44:AI44)/SUM(U44:W44)*100,"NA") -> 94.354502 | AU44: =IFERROR(SUM(X44:AC44)/SUM(L44:Q44)*100,"NA") -> 97.094096 | AV44: =IFERROR(SUM(AD44:AI44)/SUM(R44:W44)*100,"NA") -> 98.59364 | AW44: =IFERROR(SUM(X44:AI44)/SUM(L44:W44)*100,"NA") -> 97.871779
A45: Offtake | B45: Total | C45: Hair | D45: PTN | E45: Miracles | F45: =SUMIFS('Offtake Raw'!H:H,'Offtake Raw'!$C:$C,Hair!$D45,'Offtake Raw'!$D:$D,Hair!$E45)/1000000 -> 0.400299 | G45: =SUMIFS('Offtake Raw'!I:I,'Offtake Raw'!$C:$C,Hair!$D45,'Offtake Raw'!$D:$D,Hair!$E45)/1000000 -> 0.5772086 | H45: =SUMIFS('Offtake Raw'!J:J,'Offtake Raw'!$C:$C,Hair!$D45,'Offtake Raw'!$D:$D,Hair!$E45)/1000000 -> 0.396304 | I45: =SUMIFS('Offtake Raw'!K:K,'Offtake Raw'!$C:$C,Hair!$D45,'Offtake Raw'!$D:$D,Hair!$E45)/1000000 -> 0.433058 | J45: =SUMIFS('Offtake Raw'!L:L,'Offtake Raw'!$C:$C,Hair!$D45,'Offtake Raw'!$D:$D,Hair!$E45)/1000000 -> 0.42799767 | K45: =SUMIFS('Offtake Raw'!M:M,'Offtake Raw'!$C:$C,Hair!$D45,'Offtake Raw'!$D:$D,Hair!$E45)/1000000 -> 0.365942 | L45: =SUMIFS('Offtake Raw'!N:N,'Offtake Raw'!$C:$C,Hair!$D45,'Offtake Raw'!$D:$D,Hair!$E45)/1000000 -> 0.339575 | M45: =SUMIFS('Offtake Raw'!O:O,'Offtake Raw'!$C:$C,Hair!$D45,'Offtake Raw'!$D:$D,Hair!$E45)/1000000 -> 0.39497233 | N45: =SUMIFS('Offtake Raw'!P:P,'Offtake Raw'!$C:$C,Hair!$D45,'Offtake Raw'!$D:$D,Hair!$E45)/1000000 -> 0.353158 | O45: =SUMIFS('Offtake Raw'!Q:Q,'Offtake Raw'!$C:$C,Hair!$D45,'Offtake Raw'!$D:$D,Hair!$E45)/1000000 -> 0.34303733 | P45: =SUMIFS('Offtake Raw'!R:R,'Offtake Raw'!$C:$C,Hair!$D45,'Offtake Raw'!$D:$D,Hair!$E45)/1000000 -> 0.57101867 | Q45: =SUMIFS('Offtake Raw'!S:S,'Offtake Raw'!$C:$C,Hair!$D45,'Offtake Raw'!$D:$D,Hair!$E45)/1000000 -> 0.43279167 | R45: =SUMIFS('Offtake Raw'!T:T,'Offtake Raw'!$C:$C,Hair!$D45,'Offtake Raw'!$D:$D,Hair!$E45)/1000000 -> 0.453033 | S45: =SUMIFS('Offtake Raw'!U:U,'Offtake Raw'!$C:$C,Hair!$D45,'Offtake Raw'!$D:$D,Hair!$E45)/1000000 -> 0.48312867 | T45: =SUMIFS('Offtake Raw'!V:V,'Offtake Raw'!$C:$C,Hair!$D45,'Offtake Raw'!$D:$D,Hair!$E45)/1000000 -> 0.310811 | U45: =SUMIFS('Offtake Raw'!W:W,'Offtake Raw'!$C:$C,Hair!$D45,'Offtake Raw'!$D:$D,Hair!$E45)/1000000 -> 0.298826 | V45: =SUMIFS('Offtake Raw'!X:X,'Offtake Raw'!$C:$C,Hair!$D45,'Offtake Raw'!$D:$D,Hair!$E45)/1000000 -> 0.39443967 | W45: =SUMIFS('Offtake Raw'!Y:Y,'Offtake Raw'!$C:$C,Hair!$D45,'Offtake Raw'!$D:$D,Hair!$E45)/1000000 -> 0.30708233 | X45: =SUMIFS('Offtake Raw'!Z:Z,'Offtake Raw'!$C:$C,Hair!$D45,'Offtake Raw'!$D:$D,Hair!$E45)/1000000 -> 0.333982 | Y45: =SUMIFS('Offtake Raw'!AA:AA,'Offtake Raw'!$C:$C,Hair!$D45,'Offtake Raw'!$D:$D,Hair!$E45)/1000000 -> 0.27219267 | Z45: =SUMIFS('Offtake Raw'!AB:AB,'Offtake Raw'!$C:$C,Hair!$D45,'Offtake Raw'!$D:$D,Hair!$E45)/1000000 -> 0.35129367 | AA45: =SUMIFS('Offtake Raw'!AC:AC,'Offtake Raw'!$C:$C,Hair!$D45,'Offtake Raw'!$D:$D,Hair!$E45)/1000000 -> 0.49005333 | AB45: =SUMIFS('Offtake Raw'!AD:AD,'Offtake Raw'!$C:$C,Hair!$D45,'Offtake Raw'!$D:$D,Hair!$E45)/1000000 -> 0.56862167 | AC45: =SUMIFS('Offtake Raw'!AE:AE,'Offtake Raw'!$C:$C,Hair!$D45,'Offtake Raw'!$D:$D,Hair!$E45)/1000000 -> 0.57394833 | AD45: =SUMIFS('Offtake Raw'!AF:AF,'Offtake Raw'!$C:$C,Hair!$D45,'Offtake Raw'!$D:$D,Hair!$E45)/1000000 -> 0.33744433 | AE45: =SUMIFS('Offtake Raw'!AG:AG,'Offtake Raw'!$C:$C,Hair!$D45,'Offtake Raw'!$D:$D,Hair!$E45)/1000000 -> 0.42240467 | AF45: =SUMIFS('Offtake Raw'!AH:AH,'Offtake Raw'!$C:$C,Hair!$D45,'Offtake Raw'!$D:$D,Hair!$E45)/1000000 -> 0.32306233 | AG45: =SUMIFS('Offtake Raw'!AI:AI,'Offtake Raw'!$C:$C,Hair!$D45,'Offtake Raw'!$D:$D,Hair!$E45)/1000000 -> 0.43125285 | AH45: =AH52+AH59 -> 0.35 | AI45: =AI52+AI59 -> 0.35 | AK45: 0.35 | AL45: =AG45-AK45 -> 0.081252852 | AN45: =IFERROR(AG45/U45*100,"NA") -> 144.31571 | AO45: =IFERROR(SUM(X45:AG45)/SUM(L45:U45)*100,"NA") -> 103.1129 | AP45: =IFERROR(SUM(AD45:AG45)/SUM(R45:U45)*100,"NA") -> 97.953519 | AQ45: =IFERROR(SUM(X45:Z45)/SUM(L45:N45)*100,"NA") -> 88.026445 | AR45: =IFERROR(SUM(AA45:AC45)/SUM(O45:Q45)*100,"NA") -> 121.21811 | AS45: =IFERROR(SUM(AD45:AF45)/SUM(R45:T45)*100,"NA") -> 86.843229 | AT45: =IFERROR(SUM(AG45:AI45)/SUM(U45:W45)*100,"NA") -> 113.08593 | AU45: =IFERROR(SUM(X45:AC45)/SUM(L45:Q45)*100,"NA") -> 106.3888 | AV45: =IFERROR(SUM(AD45:AI45)/SUM(R45:W45)*100,"NA") -> 98.524622 | AW45: =IFERROR(SUM(X45:AI45)/SUM(L45:W45)*100,"NA") -> 102.61396
A46: Offtake | B46: Total | C46: Hair | D46: PTN | E46: Others | F46: =SUMIFS('Offtake Raw'!H:H,'Offtake Raw'!$C:$C,Hair!$D46,'Offtake Raw'!$D:$D,Hair!$E46)/1000000 -> 0.12015885 | G46: =SUMIFS('Offtake Raw'!I:I,'Offtake Raw'!$C:$C,Hair!$D46,'Offtake Raw'!$D:$D,Hair!$E46)/1000000 -> 0.11864932 | H46: =SUMIFS('Offtake Raw'!J:J,'Offtake Raw'!$C:$C,Hair!$D46,'Offtake Raw'!$D:$D,Hair!$E46)/1000000 -> 0.033209733 | I46: =SUMIFS('Offtake Raw'!K:K,'Offtake Raw'!$C:$C,Hair!$D46,'Offtake Raw'!$D:$D,Hair!$E46)/1000000 -> 0.077137153 | J46: =SUMIFS('Offtake Raw'!L:L,'Offtake Raw'!$C:$C,Hair!$D46,'Offtake Raw'!$D:$D,Hair!$E46)/1000000 -> 0.095855367 | K46: =SUMIFS('Offtake Raw'!M:M,'Offtake Raw'!$C:$C,Hair!$D46,'Offtake Raw'!$D:$D,Hair!$E46)/1000000 -> 0.092232487 | L46: =SUMIFS('Offtake Raw'!N:N,'Offtake Raw'!$C:$C,Hair!$D46,'Offtake Raw'!$D:$D,Hair!$E46)/1000000 -> 0.096157273 | M46: =SUMIFS('Offtake Raw'!O:O,'Offtake Raw'!$C:$C,Hair!$D46,'Offtake Raw'!$D:$D,Hair!$E46)/1000000 -> 0.10581829 | N46: =SUMIFS('Offtake Raw'!P:P,'Offtake Raw'!$C:$C,Hair!$D46,'Offtake Raw'!$D:$D,Hair!$E46)/1000000 -> 0.097666807 | O46: =SUMIFS('Offtake Raw'!Q:Q,'Offtake Raw'!$C:$C,Hair!$D46,'Offtake Raw'!$D:$D,Hair!$E46)/1000000 -> 0.094345833 | P46: =SUMIFS('Offtake Raw'!R:R,'Offtake Raw'!$C:$C,Hair!$D46,'Offtake Raw'!$D:$D,Hair!$E46)/1000000 -> 0.28016381 | Q46: =SUMIFS('Offtake Raw'!S:S,'Offtake Raw'!$C:$C,Hair!$D46,'Offtake Raw'!$D:$D,Hair!$E46)/1000000 -> 0.54028919 | R46: =SUMIFS('Offtake Raw'!T:T,'Offtake Raw'!$C:$C,Hair!$D46,'Offtake Raw'!$D:$D,Hair!$E46)/1000000 -> 0.53909875 | S46: =SUMIFS('Offtake Raw'!U:U,'Offtake Raw'!$C:$C,Hair!$D46,'Offtake Raw'!$D:$D,Hair!$E46)/1000000 -> 0.32992647 | T46: =SUMIFS('Offtake Raw'!V:V,'Offtake Raw'!$C:$C,Hair!$D46,'Offtake Raw'!$D:$D,Hair!$E46)/1000000 -> 0.27094755 | U46: =SUMIFS('Offtake Raw'!W:W,'Offtake Raw'!$C:$C,Hair!$D46,'Offtake Raw'!$D:$D,Hair!$E46)/1000000 -> 0.29565101 | V46: =SUMIFS('Offtake Raw'!X:X,'Offtake Raw'!$C:$C,Hair!$D46,'Offtake Raw'!$D:$D,Hair!$E46)/1000000 -> 0.40627502 | W46: =SUMIFS('Offtake Raw'!Y:Y,'Offtake Raw'!$C:$C,Hair!$D46,'Offtake Raw'!$D:$D,Hair!$E46)/1000000 -> 0.2747198 | X46: =SUMIFS('Offtake Raw'!Z:Z,'Offtake Raw'!$C:$C,Hair!$D46,'Offtake Raw'!$D:$D,Hair!$E46)/1000000 -> 0.30011949 | Y46: =SUMIFS('Offtake Raw'!AA:AA,'Offtake Raw'!$C:$C,Hair!$D46,'Offtake Raw'!$D:$D,Hair!$E46)/1000000 -> 0.26525075 | Z46: =SUMIFS('Offtake Raw'!AB:AB,'Offtake Raw'!$C:$C,Hair!$D46,'Offtake Raw'!$D:$D,Hair!$E46)/1000000 -> 0.28246887 | AA46: =SUMIFS('Offtake Raw'!AC:AC,'Offtake Raw'!$C:$C,Hair!$D46,'Offtake Raw'!$D:$D,Hair!$E46)/1000000 -> 0.30633566 | AB46: =SUMIFS('Offtake Raw'!AD:AD,'Offtake Raw'!$C:$C,Hair!$D46,'Offtake Raw'!$D:$D,Hair!$E46)/1000000 -> 0.30677089 | AC46: =SUMIFS('Offtake Raw'!AE:AE,'Offtake Raw'!$C:$C,Hair!$D46,'Offtake Raw'!$D:$D,Hair!$E46)/1000000 -> 0.25179788 | AD46: =SUMIFS('Offtake Raw'!AF:AF,'Offtake Raw'!$C:$C,Hair!$D46,'Offtake Raw'!$D:$D,Hair!$E46)/1000000 -> 0.15683251 | AE46: =SUMIFS('Offtake Raw'!AG:AG,'Offtake Raw'!$C:$C,Hair!$D46,'Offtake Raw'!$D:$D,Hair!$E46)/1000000 -> 0.19534073 | AF46: =SUMIFS('Offtake Raw'!AH:AH,'Offtake Raw'!$C:$C,Hair!$D46,'Offtake Raw'!$D:$D,Hair!$E46)/1000000 -> 0.14580561 | AG46: =SUMIFS('Offtake Raw'!AI:AI,'Offtake Raw'!$C:$C,Hair!$D46,'Offtake Raw'!$D:$D,Hair!$E46)/1000000 -> 0.20706771 | AH46: =AH53+AH60 -> 0.3 | AI46: =AI53+AI60 -> 0.3 | AK46: 0.3 | AL46: =AG46-AK46 -> -0.092932288 | AN46: =IFERROR(AG46/U46*100,"NA") -> 70.037883 | AO46: =IFERROR(SUM(X46:AG46)/SUM(L46:U46)*100,"NA") -> 91.235125 | AP46: =IFERROR(SUM(AD46:AG46)/SUM(R46:U46)*100,"NA") -> 49.110816 | AQ46: =IFERROR(SUM(X46:Z46)/SUM(L46:N46)*100,"NA") -> 282.95034 | AR46: =IFERROR(SUM(AA46:AC46)/SUM(O46:Q46)*100,"NA") -> 94.545861 | AS46: =IFERROR(SUM(AD46:AF46)/SUM(R46:T46)*100,"NA") -> 43.683399 | AT46: =IFERROR(SUM(AG46:AI46)/SUM(U46:W46)*100,"NA") -> 82.636682 | AU46: =IFERROR(SUM(X46:AC46)/SUM(L46:Q46)*100,"NA") -> 141.03141 | AV46: =IFERROR(SUM(AD46:AI46)/SUM(R46:W46)*100,"NA") -> 61.657143 | AW46: =IFERROR(SUM(X46:AI46)/SUM(L46:W46)*100,"NA") -> 90.595495
A47: Offtake | B47: Total | C47: Hair | D47: PTN | E47: Base | F47: =SUMIFS('Offtake Raw'!H:H,'Offtake Raw'!$C:$C,Hair!$D47,'Offtake Raw'!$D:$D,Hair!$E47)/1000000 -> 0.5171325 | G47: =SUMIFS('Offtake Raw'!I:I,'Offtake Raw'!$C:$C,Hair!$D47,'Offtake Raw'!$D:$D,Hair!$E47)/1000000 -> 0.7084625 | H47: =SUMIFS('Offtake Raw'!J:J,'Offtake Raw'!$C:$C,Hair!$D47,'Offtake Raw'!$D:$D,Hair!$E47)/1000000 -> 0.4593725 | I47: =SUMIFS('Offtake Raw'!K:K,'Offtake Raw'!$C:$C,Hair!$D47,'Offtake Raw'!$D:$D,Hair!$E47)/1000000 -> 0.4987215 | J47: =SUMIFS('Offtake Raw'!L:L,'Offtake Raw'!$C:$C,Hair!$D47,'Offtake Raw'!$D:$D,Hair!$E47)/1000000 -> 0.634638 | K47: =SUMIFS('Offtake Raw'!M:M,'Offtake Raw'!$C:$C,Hair!$D47,'Offtake Raw'!$D:$D,Hair!$E47)/1000000 -> 0.4933065 | L47: =SUMIFS('Offtake Raw'!N:N,'Offtake Raw'!$C:$C,Hair!$D47,'Offtake Raw'!$D:$D,Hair!$E47)/1000000 -> 0.480491 | M47: =SUMIFS('Offtake Raw'!O:O,'Offtake Raw'!$C:$C,Hair!$D47,'Offtake Raw'!$D:$D,Hair!$E47)/1000000 -> 0.5720045 | N47: =SUMIFS('Offtake Raw'!P:P,'Offtake Raw'!$C:$C,Hair!$D47,'Offtake Raw'!$D:$D,Hair!$E47)/1000000 -> 0.516591 | O47: =SUMIFS('Offtake Raw'!Q:Q,'Offtake Raw'!$C:$C,Hair!$D47,'Offtake Raw'!$D:$D,Hair!$E47)/1000000 -> 0.5687555 | P47: =SUMIFS('Offtake Raw'!R:R,'Offtake Raw'!$C:$C,Hair!$D47,'Offtake Raw'!$D:$D,Hair!$E47)/1000000 -> 0.616949 | Q47: =SUMIFS('Offtake Raw'!S:S,'Offtake Raw'!$C:$C,Hair!$D47,'Offtake Raw'!$D:$D,Hair!$E47)/1000000 -> 0.527421 | R47: =SUMIFS('Offtake Raw'!T:T,'Offtake Raw'!$C:$C,Hair!$D47,'Offtake Raw'!$D:$D,Hair!$E47)/1000000 -> 0.66256311 | S47: =SUMIFS('Offtake Raw'!U:U,'Offtake Raw'!$C:$C,Hair!$D47,'Offtake Raw'!$D:$D,Hair!$E47)/1000000 -> 0.54915299 | T47: =SUMIFS('Offtake Raw'!V:V,'Offtake Raw'!$C:$C,Hair!$D47,'Offtake Raw'!$D:$D,Hair!$E47)/1000000 -> 0.45725516 | U47: =SUMIFS('Offtake Raw'!W:W,'Offtake Raw'!$C:$C,Hair!$D47,'Offtake Raw'!$D:$D,Hair!$E47)/1000000 -> 0.7536148 | V47: =SUMIFS('Offtake Raw'!X:X,'Offtake Raw'!$C:$C,Hair!$D47,'Offtake Raw'!$D:$D,Hair!$E47)/1000000 -> 0.8029864 | W47: =SUMIFS('Offtake Raw'!Y:Y,'Offtake Raw'!$C:$C,Hair!$D47,'Offtake Raw'!$D:$D,Hair!$E47)/1000000 -> 0.62270762 | X47: =SUMIFS('Offtake Raw'!Z:Z,'Offtake Raw'!$C:$C,Hair!$D47,'Offtake Raw'!$D:$D,Hair!$E47)/1000000 -> 0.85998169 | Y47: =SUMIFS('Offtake Raw'!AA:AA,'Offtake Raw'!$C:$C,Hair!$D47,'Offtake Raw'!$D:$D,Hair!$E47)/1000000 -> 0.73491456 | Z47: =SUMIFS('Offtake Raw'!AB:AB,'Offtake Raw'!$C:$C,Hair!$D47,'Offtake Raw'!$D:$D,Hair!$E47)/1000000 -> 0.60555113 | AA47: =SUMIFS('Offtake Raw'!AC:AC,'Offtake Raw'!$C:$C,Hair!$D47,'Offtake Raw'!$D:$D,Hair!$E47)/1000000 -> 0.87915907 | AB47: =SUMIFS('Offtake Raw'!AD:AD,'Offtake Raw'!$C:$C,Hair!$D47,'Offtake Raw'!$D:$D,Hair!$E47)/1000000 -> 0.87297263 | AC47: =SUMIFS('Offtake Raw'!AE:AE,'Offtake Raw'!$C:$C,Hair!$D47,'Offtake Raw'!$D:$D,Hair!$E47)/1000000 -> 1.0509321 | AD47: =SUMIFS('Offtake Raw'!AF:AF,'Offtake Raw'!$C:$C,Hair!$D47,'Offtake Raw'!$D:$D,Hair!$E47)/1000000 -> 0.62895247 | AE47: =SUMIFS('Offtake Raw'!AG:AG,'Offtake Raw'!$C:$C,Hair!$D47,'Offtake Raw'!$D:$D,Hair!$E47)/1000000 -> 0.65641674 | AF47: =SUMIFS('Offtake Raw'!AH:AH,'Offtake Raw'!$C:$C,Hair!$D47,'Offtake Raw'!$D:$D,Hair!$E47)/1000000 -> 0.58826271 | AG47: =SUMIFS('Offtake Raw'!AI:AI,'Offtake Raw'!$C:$C,Hair!$D47,'Offtake Raw'!$D:$D,Hair!$E47)/1000000 -> 0.92921445 | AH47: =AH54+AH61 -> 0.75 | AI47: =AI54+AI61 -> 0.95 | AK47: 0.75 | AL47: =AG47-AK47 -> 0.17921445 | AN47: =IFERROR(AG47/U47*100,"NA") -> 123.30098 | AO47: =IFERROR(SUM(X47:AG47)/SUM(L47:U47)*100,"NA") -> 136.83846 | AP47: =IFERROR(SUM(AD47:AG47)/SUM(R47:U47)*100,"NA") -> 115.69646 | AQ47: =IFERROR(SUM(X47:Z47)/SUM(L47:N47)*100,"NA") -> 140.23748 | AR47: =IFERROR(SUM(AA47:AC47)/SUM(O47:Q47)*100,"NA") -> 163.62279 | AS47: =IFERROR(SUM(AD47:AF47)/SUM(R47:T47)*100,"NA") -> 112.26268 | AT47: =IFERROR(SUM(AG47:AI47)/SUM(U47:W47)*100,"NA") -> 120.64442 | AU47: =IFERROR(SUM(X47:AC47)/SUM(L47:Q47)*100,"NA") -> 152.44327 | AV47: =IFERROR(SUM(AD47:AI47)/SUM(R47:W47)*100,"NA") -> 117.00932 | AW47: =IFERROR(SUM(X47:AI47)/SUM(L47:W47)*100,"NA") -> 133.3198
A48: Offtake | B48: Total | C48: Hair | D48: PTN | E48: Core+ | F48: =F46+F45+F44+F43 -> 3.1125467 | G48: =G46+G45+G44+G43 -> 2.7521081 | H48: =H46+H45+H44+H43 -> 2.6682559 | I48: =I46+I45+I44+I43 -> 2.6045307 | J48: =J46+J45+J44+J43 -> 2.0249939 | K48: =K46+K45+K44+K43 -> 2.1149148 | L48: =L46+L45+L44+L43 -> 2.4554706 | M48: =M46+M45+M44+M43 -> 1.9865817 | ... AG48: =AG46+AG45+AG44+AG43 -> 3.9074417 | AH48: =AH55+AH62 -> 4.40982 | AI48: =AI55+AI62 -> 3.9525 | AK48: 4.81572 | AL48: =AG48-AK48 -> -0.90827831 | AN48: =IFERROR(AG48/U48*100,"NA") -> 177.46893 | AO48: =IFERROR(SUM(X48:AG48)/SUM(L48:U48)*100,"NA") -> 133.82967 | AP48: =IFERROR(SUM(AD48:AG48)/SUM(R48:U48)*100,"NA") -> 143.34432 | AQ48: =IFERROR(SUM(X48:Z48)/SUM(L48:N48)*100,"NA") -> 128.80284 | AR48: =IFERROR(SUM(AA48:AC48)/SUM(O48:Q48)*100,"NA") -> 127.52149 | AS48: =IFERROR(SUM(AD48:AF48)/SUM(R48:T48)*100,"NA") -> 133.84782 | AT48: =IFERROR(SUM(AG48:AI48)/SUM(U48:W48)*100,"NA") -> 122.33489 | AU48: =IFERROR(SUM(X48:AC48)/SUM(L48:Q48)*100,"NA") -> 128.00418 | AV48: =IFERROR(SUM(AD48:AI48)/SUM(R48:W48)*100,"NA") -> 127.41184 | AW48: =IFERROR(SUM(X48:AI48)/SUM(L48:W48)*100,"NA") -> 127.69578
A49: Offtake | B49: Normal | C49: Hair | D49: PTN | E49: Total | AD49: =AD55+AD54 -> 3.08 | AE49: =AE55+AE54 -> 3.08 | AF49: =AF55+AF54 -> 3.13 | AG49: =AG55+AG54 -> 3.13 | AH49: =AH55+AH54 -> 3.13 | AI49: =AI55+AI54 -> 3.13
A50: Offtake | B50: Normal | C50: Hair | D50: PTN | E50: 3MM | AD50: 0.53 | AE50: 0.53 | AF50: 0.53 | AG50: 0.53 | AH50: 0.53 | AI50: 0.53
A51: Offtake | B51: Normal | C51: Hair | D51: PTN | E51: Marilyn | AD51: 1.15 | AE51: 1.15 | AF51: 1.2 | AG51: 1.2 | AH51: 1.2 | AI51: 1.2
A52: Offtake | B52: Normal | C52: Hair | D52: PTN | E52: Miracles | AD52: 0.35 | AE52: 0.35 | AF52: 0.35 | AG52: 0.35 | AH52: 0.35 | AI52: 0.35
A53: Offtake | B53: Normal | C53: Hair | D53: PTN | E53: Others | AD53: 0.3 | AE53: 0.3 | AF53: 0.3 | AG53: 0.3 | AH53: 0.3 | AI53: 0.3
A54: Offtake | B54: Normal | C54: Hair | D54: PTN | E54: Base | AD54: 0.75 | AE54: 0.75 | AF54: 0.75 | AG54: 0.75 | AH54: 0.75 | AI54: 0.75
A55: Offtake | B55: Normal | C55: Hair | D55: PTN | E55: Core+ | AD55: =AD53+AD52+AD51+AD50 -> 2.33 | AE55: =AE53+AE52+AE51+AE50 -> 2.33 | AF55: =AF53+AF52+AF51+AF50 -> 2.38 | AG55: =AG53+AG52+AG51+AG50 -> 2.38 | AH55: =AH53+AH52+AH51+AH50 -> 2.38 | AI55: =AI53+AI52+AI51+AI50 -> 2.38
A56: Offtake | B56: Uplift | C56: Hair | D56: PTN | E56: Total | AD56: =AD62+AD61 -> 1.171 | AE56: =AE62+AE61 -> 1.421 | AF56: =AF62+AF61 -> 1.0784 | AG56: =AG62+AG61 -> 2.43572 | AH56: =AH62+AH61 -> 2.02982 | AI56: =AI62+AI61 -> 1.7725
A57: Offtake | B57: Uplift | C57: Hair | D57: PTN | E57: 3MM | AE57: =0.25+N("Jasmine SH+Con") -> 0.25 | AF57: =((4000+4000)*182.1*1/1000000*0.5-0.1+N("P4 3MM 470g SH $199後壁櫃"))*1+0.25+N("Jasmine SH+Con") -> 0.8784 | AG57: =((4000+4000)*182.1*1/1000000*0.5-0.1+N("P4 3MM 470g SH $199後壁櫃"))*1+0.25+N("Jasmine SH+Con")+((7000+6000)*147.28*0.5+N("P5 3MM 180ml CN $199後壁櫃"))/1000000+0.3 -> 2.13572 | AH57: =0.25+N("Jasmine SH+Con")+((7000+6000)*147.28*0.5/1000000+N("P5 3MM 180ml CN $199後壁櫃")) -> 1.20732 | AI57: =0.25+N("Jasmine SH+Con")+0.5 -> 0.75
A58: Offtake | B58: Uplift | C58: Hair | D58: PTN | E58: Marilyn | AD58: =(6000-1700)*235*50%/1000000+N("2檔WB後壁櫃$249")+(5000)*266.3*50%/1000000+N("MYL SH後壁櫃$199") -> 1.171 | AE58: =(6000-1700)*235*50%/1000000+N("2檔WB後壁櫃$249")+(5000)*266.3*50%/1000000+N("MYL SH後壁櫃$199") -> 1.171 | AG58: 0.3 | AH58: =((4000+3000)*235*0.5/1000000+N("P6 WB後壁櫃$249"))*1 -> 0.8225 | AI58: =((4000+3000)*235*0.5/1000000+N("P6 WB後壁櫃$249"))*1 -> 0.8225
A59: Offtake | B59: Uplift | C59: Hair | D59: PTN | E59: Miracles
A60: Offtake | B60: Uplift | C60: Hair | D60: PTN | E60: Others
A61: Offtake | B61: Uplift | C61: Hair | D61: PTN | E61: Base | AF61: 0.2 | AI61: 0.2
A62: Offtake | B62: Uplift | C62: Hair | D62: PTN | E62: Core+ | AD62: =AD60+AD59+AD58+AD57 -> 1.171 | AE62: =AE60+AE59+AE58+AE57 -> 1.421 | AF62: =AF60+AF59+AF58+AF57 -> 0.8784 | AG62: =AG60+AG59+AG58+AG57 -> 2.43572 | AH62: =AH60+AH59+AH58+AH57 -> 2.02982 | AI62: =AI60+AI59+AI58+AI57 -> 1.5725
A63: Sell-Thru | B63: Total | C63: Hair | D63: PTN | E63: Total | F63: =F68+F69 -> 2.9362766 | G63: =G68+G69 -> 2.0315401 | H63: =H68+H69 -> 4.2586452 | I63: =I68+I69 -> 2.4166023 | J63: =J68+J69 -> 2.4171462 | K63: =K68+K69 -> 3.1386365 | L63: =L68+L69 -> 2.5800147 | M63: =M68+M69 -> 2.7070763 | ... AI63: =AI68+AI69 -> 4.4025 | AK63: 9.39572 | AL63: =AG63-AK63 -> -5.74572 | AN63: =IFERROR(AG63/U63*100,"NA") -> 79.319678 | AO63: =IFERROR(SUM(X63:AG63)/SUM(L63:U63)*100,"NA") -> 129.42266 | AP63: =IFERROR(SUM(AD63:AG63)/SUM(R63:U63)*100,"NA") -> 154.58406 | AQ63: =IFERROR(SUM(X63:Z63)/SUM(L63:N63)*100,"NA") -> 163.73872 | AR63: =IFERROR(SUM(AA63:AC63)/SUM(O63:Q63)*100,"NA") -> 89.698566 | AS63: =IFERROR(SUM(AD63:AF63)/SUM(R63:T63)*100,"NA") -> 194.61056 | AT63: =IFERROR(SUM(AG63:AI63)/SUM(U63:W63)*100,"NA") -> 130.10535 | AU63: =IFERROR(SUM(X63:AC63)/SUM(L63:Q63)*100,"NA") -> 116.00847 | AV63: =IFERROR(SUM(AD63:AI63)/SUM(R63:W63)*100,"NA") -> 155.48735 | AW63: =IFERROR(SUM(X63:AI63)/SUM(L63:W63)*100,"NA") -> 134.53798
A64: Sell-Thru | B64: Total | C64: Hair | D64: PTN | E64: 3MM | F64: 0.33110513 | G64: 0.28455655 | H64: 1.2161741 | I64: 0.38741142 | J64: 0.46987073 | K64: 0.25330175 | L64: 0.3313722 | M64: 0.40575828 | N64: 0.97555858 | O64: 0.33670644 | P64: 0.85140352 | Q64: 0.69421745 | R64: 0.21209184 | S64: 0.30385102 | T64: 0.22534758 | U64: 1.5849659 | V64: 0.30068703 | W64: 0.81995175 | X64: 1.0326931 | Y64: 0.41151708 | Z64: 3.1197445 | AA64: 1.6670535 | AB64: 2.6999295 | AC64: 1.6539511 | AD64: 0.3029101 | AE64: 5.46 | AF64: 1.81 | AG64: 1.85 | AH64: =AH43+AH71+AH78 -> 3.77732 | AI64: =AI43+AI71+AI78 -> 1.28 | AK64: 5.99572 | AL64: =AG64-AK64 -> -4.14572 | AN64: =IFERROR(AG64/U64*100,"NA") -> 116.72175 | AO64: =IFERROR(SUM(X64:AG64)/SUM(L64:U64)*100,"NA") -> 337.89692 | AP64: =IFERROR(SUM(AD64:AG64)/SUM(R64:U64)*100,"NA") -> 405.06757 | AQ64: =IFERROR(SUM(X64:Z64)/SUM(L64:N64)*100,"NA") -> 266.47888 | AR64: =IFERROR(SUM(AA64:AC64)/SUM(O64:Q64)*100,"NA") -> 319.86646 | AS64: =IFERROR(SUM(AD64:AF64)/SUM(R64:T64)*100,"NA") -> 1021.5848 | AT64: =IFERROR(SUM(AG64:AI64)/SUM(U64:W64)*100,"NA") -> 255.29672 | AU64: =IFERROR(SUM(X64:AC64)/SUM(L64:Q64)*100,"NA") -> 294.43227 | AV64: =IFERROR(SUM(AD64:AI64)/SUM(R64:W64)*100,"NA") -> 420.09488 | AW64: =IFERROR(SUM(X64:AI64)/SUM(L64:W64)*100,"NA") -> 355.94197
A65: Sell-Thru | B65: Total | C65: Hair | D65: PTN | E65: Marilyn | F65: 1.6108268 | G65: 0.6211422 | H65: 2.284688 | I65: 0.7911827 | J65: 0.7059276 | K65: 2.0142509 | L65: 1.1843442 | M65: 1.270852 | N65: 1.3077788 | O65: 0.9822618 | P65: 3.4960538 | Q65: 1.2928385 | R65: 2.2795152 | S65: 1.5797469 | T65: 0.7307817 | U65: 1.4384154 | V65: 2.6090916 | W65: 2.0496961 | X65: 0.9943758 | Y65: 2.9562885 | Z65: 1.5393335 | AA65: 2.0485297 | AB65: 0.5318229 | AC65: 0.6996702 | AD65: 3.208394 | AE65: 1.44 | AF65: 1.21 | AG65: 0.83 | AH65: =AH44+AH72+AH79 -> 4.0225 | AI65: =AI44+AI72+AI79 -> 1.5225 | AK65: 1 | AL65: =AG65-AK65 -> -0.17 | AN65: =IFERROR(AG65/U65*100,"NA") -> 57.702386 | AO65: =IFERROR(SUM(X65:AG65)/SUM(L65:U65)*100,"NA") -> 99.330616 | AP65: =IFERROR(SUM(AD65:AG65)/SUM(R65:U65)*100,"NA") -> 110.94699 | AQ65: =IFERROR(SUM(X65:Z65)/SUM(L65:N65)*100,"NA") -> 145.89515 | AR65: =IFERROR(SUM(AA65:AC65)/SUM(O65:Q65)*100,"NA") -> 56.834781 | AS65: =IFERROR(SUM(AD65:AF65)/SUM(R65:T65)*100,"NA") -> 127.63264 | AT65: =IFERROR(SUM(AG65:AI65)/SUM(U65:W65)*100,"NA") -> 104.55613 | AU65: =IFERROR(SUM(X65:AC65)/SUM(L65:Q65)*100,"NA") -> 91.985546 | AV65: =IFERROR(SUM(AD65:AI65)/SUM(R65:W65)*100,"NA") -> 114.46722 | AW65: =IFERROR(SUM(X65:AI65)/SUM(L65:W65)*100,"NA") -> 103.86739
A66: Sell-Thru | B66: Total | C66: Hair | D66: PTN | E66: Miracles | F66: 0.30596327 | G66: 0.5585003 | H66: 0.32599754 | I66: 0.43572079 | J66: 0.42906246 | K66: 0.33557958 | L66: 0.43145946 | M66: 0.37952452 | N66: 0.43838412 | O66: 0.40509249 | P66: 0.53133433 | Q66: 0.45542943 | R66: 0.43385646 | S66: 0.51615335 | T66: 0.28790597 | U66: 0.27565466 | V66: 0.34330324 | W66: 0.46235409 | X66: 0.27379032 | Y66: 0.2905693 | Z66: 0.41681114 | AA66: 0.7425364 | AB66: 0.15340781 | AC66: 0.88182856 | AD66: 0.26979532 | AE66: 0.64 | AF66: 0.3 | AG66: 0.38 | AH66: =AH45+AH73+AH80 -> 0.35 | AI66: =AI45+AI73+AI80 -> 0.35 | AK66: 0.35 | AL66: =AG66-AK66 -> 0.03 | AN66: =IFERROR(AG66/U66*100,"NA") -> 137.85365 | AO66: =IFERROR(SUM(X66:AG66)/SUM(L66:U66)*100,"NA") -> 104.66796 | AP66: =IFERROR(SUM(AD66:AG66)/SUM(R66:U66)*100,"NA") -> 105.0361 | AQ66: =IFERROR(SUM(X66:Z66)/SUM(L66:N66)*100,"NA") -> 78.533362 | AR66: =IFERROR(SUM(AA66:AC66)/SUM(O66:Q66)*100,"NA") -> 127.72675 | AS66: =IFERROR(SUM(AD66:AF66)/SUM(R66:T66)*100,"NA") -> 97.728402 | AT66: =IFERROR(SUM(AG66:AI66)/SUM(U66:W66)*100,"NA") -> 99.878668 | AU66: =IFERROR(SUM(X66:AC66)/SUM(L66:Q66)*100,"NA") -> 104.45699 | AV66: =IFERROR(SUM(AD66:AI66)/SUM(R66:W66)*100,"NA") -> 98.730938 | AW66: =IFERROR(SUM(X66:AI66)/SUM(L66:W66)*100,"NA") -> 101.77981
A67: Sell-Thru | B67: Total | C67: Hair | D67: PTN | E67: Others | F67: 0.088760364 | G67: -0.000150953 | H67: -0.000150953 | I67: 0.2187309 | J67: 0.1031009 | K67: 0.0905718 | L67: 0.10325185 | M67: 0.10113851 | N67: 0.12498908 | O67: 1.2623422 | P67: 2.9678197 | Q67: 0.97806152 | R67: 0.27642024 | S67: 0.085543459 | T67: 0.080353891 | U67: 0.43655738 | V67: 0.28330065 | W67: 0.23589783 | X67: 0.119337 | Y67: 0.18716107 | Z67: 0.24265213 | AA67: 0.5283616 | AB67: 0.11465341 | AC67: 0.25394243 | AD67: -0.21107739 | AE67: 0.2 | AF67: 0.17 | AG67: 0.13 | AH67: =AH46+AH74+AH81 -> 0.3 | AI67: =AI46+AI74+AI81 -> 0.3 | AK67: 0.3 | AL67: =AG67-AK67 -> -0.17 | AN67: =IFERROR(AG67/U67*100,"NA") -> 29.778445 | AO67: =IFERROR(SUM(X67:AG67)/SUM(L67:U67)*100,"NA") -> 27.040228 | AP67: =IFERROR(SUM(AD67:AG67)/SUM(R67:U67)*100,"NA") -> 32.874142 | AQ67: =IFERROR(SUM(X67:Z67)/SUM(L67:N67)*100,"NA") -> 166.72267 | AR67: =IFERROR(SUM(AA67:AC67)/SUM(O67:Q67)*100,"NA") -> 17.221946 | AS67: =IFERROR(SUM(AD67:AF67)/SUM(R67:T67)*100,"NA") -> 35.929525 | AT67: =IFERROR(SUM(AG67:AI67)/SUM(U67:W67)*100,"NA") -> 76.379337 | AU67: =IFERROR(SUM(X67:AC67)/SUM(L67:Q67)*100,"NA") -> 26.114326 | AV67: =IFERROR(SUM(AD67:AI67)/SUM(R67:W67)*100,"NA") -> 63.581967 | AW67: =IFERROR(SUM(X67:AI67)/SUM(L67:W67)*100,"NA") -> 33.666944
A68: Sell-Thru | B68: Total | C68: Hair | D68: PTN | E68: Base | F68: 0.599621 | G68: 0.567492 | H68: 0.4319365 | I68: 0.5835565 | J68: 0.7091845 | K68: 0.4449325 | L68: 0.529587 | M68: 0.549803 | N68: 0.700701 | O68: 0.612978 | P68: 0.673265 | Q68: 0.48735 | R68: 0.660636 | S68: 0.6738905 | T68: 0.30665135 | U68: 0.866039 | V68: 0.746909 | W68: 0.8843068 | X68: 0.3615415 | Y68: 0.0305045 | Z68: 2.4891816 | AA68: 0.99404238 | AB68: 0.42948531 | AC68: 0.97691273 | AD68: 0.08913391 | AE68: 0.83 | AF68: 1.12 | AG68: 0.46 | AH68: =AH47+AH75+AH82 -> 0.85 | AI68: =AI47+AI75+AI82 -> 0.95 | AK68: 1.75 | AL68: =AG68-AK68 -> -1.29 | AN68: =IFERROR(AG68/U68*100,"NA") -> 53.115391 | AO68: =IFERROR(SUM(X68:AG68)/SUM(L68:U68)*100,"NA") -> 128.37699 | AP68: =IFERROR(SUM(AD68:AG68)/SUM(R68:U68)*100,"NA") -> 99.677613 | AQ68: =IFERROR(SUM(X68:Z68)/SUM(L68:N68)*100,"NA") -> 161.85845 | AR68: =IFERROR(SUM(AA68:AC68)/SUM(O68:Q68)*100,"NA") -> 135.34336 | AS68: =IFERROR(SUM(AD68:AF68)/SUM(R68:T68)*100,"NA") -> 124.2482 | AT68: =IFERROR(SUM(AG68:AI68)/SUM(U68:W68)*100,"NA") -> 90.499376 | AU68: =IFERROR(SUM(X68:AC68)/SUM(L68:Q68)*100,"NA") -> 148.62515 | AV68: =IFERROR(SUM(AD68:AI68)/SUM(R68:W68)*100,"NA") -> 103.88314 | AW68: =IFERROR(SUM(X68:AI68)/SUM(L68:W68)*100,"NA") -> 124.55352
A69: Sell-Thru | B69: Total | C69: Hair | D69: PTN | E69: Core+ | F69: =F67+F66+F65+F64 -> 2.3366556 | G69: =G67+G66+G65+G64 -> 1.4640481 | H69: =H67+H66+H65+H64 -> 3.8267087 | I69: =I67+I66+I65+I64 -> 1.8330458 | J69: =J67+J66+J65+J64 -> 1.7079617 | K69: =K67+K66+K65+K64 -> 2.693704 | L69: =L67+L66+L65+L64 -> 2.0504277 | M69: =M67+M66+M65+M64 -> 2.1572733 | ... AG69: =AG67+AG66+AG65+AG64 -> 3.19 | AH69: =AH48+AH76+AH83 -> 8.44982 | AI69: =AI48+AI76+AI83 -> 3.4525 | AK69: 7.64572 | AL69: =AG69-AK69 -> -4.45572 | AN69: =IFERROR(AG69/U69*100,"NA") -> 85.394733 | AO69: =IFERROR(SUM(X69:AG69)/SUM(L69:U69)*100,"NA") -> 129.62037 | AP69: =IFERROR(SUM(AD69:AG69)/SUM(R69:U69)*100,"NA") -> 167.39325 | AQ69: =IFERROR(SUM(X69:Z69)/SUM(L69:N69)*100,"NA") -> 164.21318 | AR69: =IFERROR(SUM(AA69:AC69)/SUM(O69:Q69)*100,"NA") -> 84.018912 | AS69: =IFERROR(SUM(AD69:AF69)/SUM(R69:T69)*100,"NA") -> 211.08007 | AT69: =IFERROR(SUM(AG69:AI69)/SUM(U69:W69)*100,"NA") -> 139.22964 | AU69: =IFERROR(SUM(X69:AC69)/SUM(L69:Q69)*100,"NA") -> 110.56876 | AV69: =IFERROR(SUM(AD69:AI69)/SUM(R69:W69)*100,"NA") -> 167.45056 | AW69: =IFERROR(SUM(X69:AI69)/SUM(L69:W69)*100,"NA") -> 136.49923
A70: Sell-Thru | B70: Display | C70: Hair | D70: PTN | E70: Total | AD70: =AD76+AD75 -> 0 | AE70: =AE76+AE75 -> 1.05408 | AF70: =AF76+AF75 -> 0.62 | AG70: =AG76+AG75 -> 4 | AH70: =AH76+AH75 -> 4.3 | AI70: =AI76+AI75 -> 0.5
A71: Sell-Thru | B71: Display | C71: Hair | D71: PTN | E71: 3MM | AE71: =((147.3*4*2*400)+(182.1*4*2*400))/1000000+N("P3 3MM山茶花護髮180ml+Sh pipeline") -> 1.05408 | AF71: 0.62 | AG71: 3 | AH71: 3
A72: Sell-Thru | B72: Display | C72: Hair | D72: PTN | E72: Marilyn | AH72: 1.2 | AI72: 0.5
A73: Sell-Thru | B73: Display | C73: Hair | D73: PTN | E73: Miracles
A74: Sell-Thru | B74: Display | C74: Hair | D74: PTN | E74: Others
A75: Sell-Thru | B75: Display | C75: Hair | D75: PTN | E75: Base | AG75: 1 | AH75: 0.1
A76: Sell-Thru | B76: Display | C76: Hair | D76: PTN | E76: Core+ | AD76: =AD74+AD73+AD72+AD71 -> 0 | AE76: =AE74+AE73+AE72+AE71 -> 1.05408 | AF76: =AF74+AF73+AF72+AF71 -> 0.62 | AG76: =AG74+AG73+AG72+AG71 -> 3 | AH76: =AH74+AH73+AH72+AH71 -> 4.2 | AI76: =AI74+AI73+AI72+AI71 -> 0.5
A77: Sell-Thru | B77: Inv adj | C77: Hair | D77: PTN | E77: Total | AD77: =AD83+AD82 -> 2.06236 | AE77: =AE83+AE82 -> -0.61266 | AF77: =AF83+AF82 -> -2.1 | AG77: =AG83+AG82 -> -0.17 | AH77: =AH83+AH82 -> -0.16 | AI77: =AI83+AI82 -> -1
A78: Sell-Thru | B78: Inv adj | C78: Hair | D78: PTN | E78: 3MM | AE78: -0.25 | AF78: -1.6 | AG78: =-0.63+0.96 -> 0.33 | AH78: -0.96
A79: Sell-Thru | B79: Inv adj | C79: Hair | D79: PTN | E79: Marilyn | AD79: =(4000+3000)*235*80%/1000000+N("2檔WB後壁櫃$249")+(4500+4500)*266.3*80%/1000000+N("MYL SH後壁櫃$199")-AD58 -> 2.06236 | AE79: =(4000+3000)*235*20%/1000000+N("2檔WB後壁櫃$249")+(4500+4500)*266.3*20%/1000000+N("MYL SH後壁櫃$199")-AE58 -> -0.36266 | AF79: -0.5 | AG79: -0.5 | AH79: 0.8 | AI79: -1
A80: Sell-Thru | B80: Inv adj | C80: Hair | D80: PTN | E80: Miracles
A81: Sell-Thru | B81: Inv adj | C81: Hair | D81: PTN | E81: Others
A82: Sell-Thru | B82: Inv adj | C82: Hair | D82: PTN | E82: Base
A83: Sell-Thru | B83: Inv adj | C83: Hair | D83: PTN | E83: Core+ | AD83: =AD81+AD80+AD79+AD78 -> 2.06236 | AE83: =AE81+AE80+AE79+AE78 -> -0.61266 | AF83: =AF81+AF80+AF79+AF78 -> -2.1 | AG83: =AG81+AG80+AG79+AG78 -> -0.17 | AH83: =AH81+AH80+AH79+AH78 -> -0.16 | AI83: =AI81+AI80+AI79+AI78 -> -1
A84: Offtake | B84: Total | C84: Hair | D84: Pert | E84: Total | F84: =F85+F86 -> 0.386891 | G84: =G85+G86 -> 0.5931387 | H84: =H85+H86 -> 0.5326613 | I84: =I85+I86 -> 0.5880434 | J84: =J85+J86 -> 0.6140804 | K84: =K85+K86 -> 0.396426 | L84: =L85+L86 -> 0.5345098 | M84: =M85+M86 -> 0.6603507 | ... AI84: =AI85+AI86 -> 0.46 | AK84: 0.36 | AL84: =AG84-AK84 -> 0.026320856 | AN84: =IFERROR(AG84/U84*100,"NA") -> 79.509757 | AO84: =IFERROR(SUM(X84:AG84)/SUM(L84:U84)*100,"NA") -> 76.22448 | AP84: =IFERROR(SUM(AD84:AG84)/SUM(R84:U84)*100,"NA") -> 67.034409 | AQ84: =IFERROR(SUM(X84:Z84)/SUM(L84:N84)*100,"NA") -> 91.530544 | AR84: =IFERROR(SUM(AA84:AC84)/SUM(O84:Q84)*100,"NA") -> 71.244002 | AS84: =IFERROR(SUM(AD84:AF84)/SUM(R84:T84)*100,"NA") -> 63.466572 | AT84: =IFERROR(SUM(AG84:AI84)/SUM(U84:W84)*100,"NA") -> 87.238027 | AU84: =IFERROR(SUM(X84:AC84)/SUM(L84:Q84)*100,"NA") -> 81.30837 | AV84: =IFERROR(SUM(AD84:AI84)/SUM(R84:W84)*100,"NA") -> 74.133008 | AW84: =IFERROR(SUM(X84:AI84)/SUM(L84:W84)*100,"NA") -> 78.163448
A85: Offtake | B85: Total | C85: Hair | D85: Pert | E85: Core | F85: =SUMIFS('Offtake Raw'!H:H,'Offtake Raw'!$C:$C,Hair!$D85,'Offtake Raw'!$D:$D,Hair!$E85)/1000000 -> 0.1631304 | G85: =SUMIFS('Offtake Raw'!I:I,'Offtake Raw'!$C:$C,Hair!$D85,'Offtake Raw'!$D:$D,Hair!$E85)/1000000 -> 0.232112 | H85: =SUMIFS('Offtake Raw'!J:J,'Offtake Raw'!$C:$C,Hair!$D85,'Offtake Raw'!$D:$D,Hair!$E85)/1000000 -> 0.1476128 | I85: =SUMIFS('Offtake Raw'!K:K,'Offtake Raw'!$C:$C,Hair!$D85,'Offtake Raw'!$D:$D,Hair!$E85)/1000000 -> 0.1785176 | J85: =SUMIFS('Offtake Raw'!L:L,'Offtake Raw'!$C:$C,Hair!$D85,'Offtake Raw'!$D:$D,Hair!$E85)/1000000 -> 0.2531064 | K85: =SUMIFS('Offtake Raw'!M:M,'Offtake Raw'!$C:$C,Hair!$D85,'Offtake Raw'!$D:$D,Hair!$E85)/1000000 -> 0.168216 | L85: =SUMIFS('Offtake Raw'!N:N,'Offtake Raw'!$C:$C,Hair!$D85,'Offtake Raw'!$D:$D,Hair!$E85)/1000000 -> 0.1743448 | M85: =SUMIFS('Offtake Raw'!O:O,'Offtake Raw'!$C:$C,Hair!$D85,'Offtake Raw'!$D:$D,Hair!$E85)/1000000 -> 0.2207672 | N85: =SUMIFS('Offtake Raw'!P:P,'Offtake Raw'!$C:$C,Hair!$D85,'Offtake Raw'!$D:$D,Hair!$E85)/1000000 -> 0.1404408 | O85: =SUMIFS('Offtake Raw'!Q:Q,'Offtake Raw'!$C:$C,Hair!$D85,'Offtake Raw'!$D:$D,Hair!$E85)/1000000 -> 0.1380936 | P85: =SUMIFS('Offtake Raw'!R:R,'Offtake Raw'!$C:$C,Hair!$D85,'Offtake Raw'!$D:$D,Hair!$E85)/1000000 -> 0.3043536 | Q85: =SUMIFS('Offtake Raw'!S:S,'Offtake Raw'!$C:$C,Hair!$D85,'Offtake Raw'!$D:$D,Hair!$E85)/1000000 -> 0.2830984 | R85: =SUMIFS('Offtake Raw'!T:T,'Offtake Raw'!$C:$C,Hair!$D85,'Offtake Raw'!$D:$D,Hair!$E85)/1000000 -> 0.1791696 | S85: =SUMIFS('Offtake Raw'!U:U,'Offtake Raw'!$C:$C,Hair!$D85,'Offtake Raw'!$D:$D,Hair!$E85)/1000000 -> 0.1628696 | T85: =SUMIFS('Offtake Raw'!V:V,'Offtake Raw'!$C:$C,Hair!$D85,'Offtake Raw'!$D:$D,Hair!$E85)/1000000 -> 0.2533672 | U85: =SUMIFS('Offtake Raw'!W:W,'Offtake Raw'!$C:$C,Hair!$D85,'Offtake Raw'!$D:$D,Hair!$E85)/1000000 -> 0.25838855 | V85: =SUMIFS('Offtake Raw'!X:X,'Offtake Raw'!$C:$C,Hair!$D85,'Offtake Raw'!$D:$D,Hair!$E85)/1000000 -> 0.23374505 | W85: =SUMIFS('Offtake Raw'!Y:Y,'Offtake Raw'!$C:$C,Hair!$D85,'Offtake Raw'!$D:$D,Hair!$E85)/1000000 -> 0.14806105 | X85: =SUMIFS('Offtake Raw'!Z:Z,'Offtake Raw'!$C:$C,Hair!$D85,'Offtake Raw'!$D:$D,Hair!$E85)/1000000 -> 0.17612935 | Y85: =SUMIFS('Offtake Raw'!AA:AA,'Offtake Raw'!$C:$C,Hair!$D85,'Offtake Raw'!$D:$D,Hair!$E85)/1000000 -> 0.15840255 | Z85: =SUMIFS('Offtake Raw'!AB:AB,'Offtake Raw'!$C:$C,Hair!$D85,'Offtake Raw'!$D:$D,Hair!$E85)/1000000 -> 0.18286115 | AA85: =SUMIFS('Offtake Raw'!AC:AC,'Offtake Raw'!$C:$C,Hair!$D85,'Offtake Raw'!$D:$D,Hair!$E85)/1000000 -> 0.23338275 | AB85: =SUMIFS('Offtake Raw'!AD:AD,'Offtake Raw'!$C:$C,Hair!$D85,'Offtake Raw'!$D:$D,Hair!$E85)/1000000 -> 0.1994597 | AC85: =SUMIFS('Offtake Raw'!AE:AE,'Offtake Raw'!$C:$C,Hair!$D85,'Offtake Raw'!$D:$D,Hair!$E85)/1000000 -> 0.1862836 | AD85: =SUMIFS('Offtake Raw'!AF:AF,'Offtake Raw'!$C:$C,Hair!$D85,'Offtake Raw'!$D:$D,Hair!$E85)/1000000 -> 0.1515215 | AE85: =SUMIFS('Offtake Raw'!AG:AG,'Offtake Raw'!$C:$C,Hair!$D85,'Offtake Raw'!$D:$D,Hair!$E85)/1000000 -> 0.17882055 | AF85: =SUMIFS('Offtake Raw'!AH:AH,'Offtake Raw'!$C:$C,Hair!$D85,'Offtake Raw'!$D:$D,Hair!$E85)/1000000 -> 0.1499057 | AG85: =SUMIFS('Offtake Raw'!AI:AI,'Offtake Raw'!$C:$C,Hair!$D85,'Offtake Raw'!$D:$D,Hair!$E85)/1000000 -> 0.18714252 | AH85: =AH88+AH91 -> 0.16 | AI85: =AI88+AI91 -> 0.26 | AK85: 0.16 | AL85: =AG85-AK85 -> 0.027142522 | AN85: =IFERROR(AG85/U85*100,"NA") -> 72.426786 | AO85: =IFERROR(SUM(X85:AG85)/SUM(L85:U85)*100,"NA") -> 85.295524 | AP85: =IFERROR(SUM(AD85:AG85)/SUM(R85:U85)*100,"NA") -> 78.167512 | AQ85: =IFERROR(SUM(X85:Z85)/SUM(L85:N85)*100,"NA") -> 96.609158 | AR85: =IFERROR(SUM(AA85:AC85)/SUM(O85:Q85)*100,"NA") -> 85.332479 | AS85: =IFERROR(SUM(AD85:AF85)/SUM(R85:T85)*100,"NA") -> 80.658816 | AT85: =IFERROR(SUM(AG85:AI85)/SUM(U85:W85)*100,"NA") -> 94.837175 | AU85: =IFERROR(SUM(X85:AC85)/SUM(L85:Q85)*100,"NA") -> 90.121366 | AV85: =IFERROR(SUM(AD85:AI85)/SUM(R85:W85)*100,"NA") -> 88.004965 | AW85: =IFERROR(SUM(X85:AI85)/SUM(L85:W85)*100,"NA") -> 89.073972
A86: Offtake | B86: Total | C86: Hair | D86: Pert | E86: Core+ | F86: =SUMIFS('Offtake Raw'!H:H,'Offtake Raw'!$C:$C,Hair!$D86,'Offtake Raw'!$D:$D,Hair!$E86)/1000000 -> 0.2237606 | G86: =SUMIFS('Offtake Raw'!I:I,'Offtake Raw'!$C:$C,Hair!$D86,'Offtake Raw'!$D:$D,Hair!$E86)/1000000 -> 0.3610267 | H86: =SUMIFS('Offtake Raw'!J:J,'Offtake Raw'!$C:$C,Hair!$D86,'Offtake Raw'!$D:$D,Hair!$E86)/1000000 -> 0.3850485 | I86: =SUMIFS('Offtake Raw'!K:K,'Offtake Raw'!$C:$C,Hair!$D86,'Offtake Raw'!$D:$D,Hair!$E86)/1000000 -> 0.4095258 | J86: =SUMIFS('Offtake Raw'!L:L,'Offtake Raw'!$C:$C,Hair!$D86,'Offtake Raw'!$D:$D,Hair!$E86)/1000000 -> 0.360974 | K86: =SUMIFS('Offtake Raw'!M:M,'Offtake Raw'!$C:$C,Hair!$D86,'Offtake Raw'!$D:$D,Hair!$E86)/1000000 -> 0.22821 | L86: =SUMIFS('Offtake Raw'!N:N,'Offtake Raw'!$C:$C,Hair!$D86,'Offtake Raw'!$D:$D,Hair!$E86)/1000000 -> 0.360165 | M86: =SUMIFS('Offtake Raw'!O:O,'Offtake Raw'!$C:$C,Hair!$D86,'Offtake Raw'!$D:$D,Hair!$E86)/1000000 -> 0.4395835 | N86: =SUMIFS('Offtake Raw'!P:P,'Offtake Raw'!$C:$C,Hair!$D86,'Offtake Raw'!$D:$D,Hair!$E86)/1000000 -> 0.62406 | O86: =SUMIFS('Offtake Raw'!Q:Q,'Offtake Raw'!$C:$C,Hair!$D86,'Offtake Raw'!$D:$D,Hair!$E86)/1000000 -> 0.300866 | P86: =SUMIFS('Offtake Raw'!R:R,'Offtake Raw'!$C:$C,Hair!$D86,'Offtake Raw'!$D:$D,Hair!$E86)/1000000 -> 0.3818238 | Q86: =SUMIFS('Offtake Raw'!S:S,'Offtake Raw'!$C:$C,Hair!$D86,'Offtake Raw'!$D:$D,Hair!$E86)/1000000 -> 0.581848 | R86: =SUMIFS('Offtake Raw'!T:T,'Offtake Raw'!$C:$C,Hair!$D86,'Offtake Raw'!$D:$D,Hair!$E86)/1000000 -> 0.599482 | S86: =SUMIFS('Offtake Raw'!U:U,'Offtake Raw'!$C:$C,Hair!$D86,'Offtake Raw'!$D:$D,Hair!$E86)/1000000 -> 0.3199995 | T86: =SUMIFS('Offtake Raw'!V:V,'Offtake Raw'!$C:$C,Hair!$D86,'Offtake Raw'!$D:$D,Hair!$E86)/1000000 -> 0.1840415 | U86: =SUMIFS('Offtake Raw'!W:W,'Offtake Raw'!$C:$C,Hair!$D86,'Offtake Raw'!$D:$D,Hair!$E86)/1000000 -> 0.22749 | V86: =SUMIFS('Offtake Raw'!X:X,'Offtake Raw'!$C:$C,Hair!$D86,'Offtake Raw'!$D:$D,Hair!$E86)/1000000 -> 0.3063823 | W86: =SUMIFS('Offtake Raw'!Y:Y,'Offtake Raw'!$C:$C,Hair!$D86,'Offtake Raw'!$D:$D,Hair!$E86)/1000000 -> 0.2087255 | X86: =SUMIFS('Offtake Raw'!Z:Z,'Offtake Raw'!$C:$C,Hair!$D86,'Offtake Raw'!$D:$D,Hair!$E86)/1000000 -> 0.3540435 | Y86: =SUMIFS('Offtake Raw'!AA:AA,'Offtake Raw'!$C:$C,Hair!$D86,'Offtake Raw'!$D:$D,Hair!$E86)/1000000 -> 0.3598165 | Z86: =SUMIFS('Offtake Raw'!AB:AB,'Offtake Raw'!$C:$C,Hair!$D86,'Offtake Raw'!$D:$D,Hair!$E86)/1000000 -> 0.562161 | AA86: =SUMIFS('Offtake Raw'!AC:AC,'Offtake Raw'!$C:$C,Hair!$D86,'Offtake Raw'!$D:$D,Hair!$E86)/1000000 -> 0.215713 | AB86: =SUMIFS('Offtake Raw'!AD:AD,'Offtake Raw'!$C:$C,Hair!$D86,'Offtake Raw'!$D:$D,Hair!$E86)/1000000 -> 0.201817 | AC86: =SUMIFS('Offtake Raw'!AE:AE,'Offtake Raw'!$C:$C,Hair!$D86,'Offtake Raw'!$D:$D,Hair!$E86)/1000000 -> 0.381159 | AD86: =SUMIFS('Offtake Raw'!AF:AF,'Offtake Raw'!$C:$C,Hair!$D86,'Offtake Raw'!$D:$D,Hair!$E86)/1000000 -> 0.2640075 | AE86: =SUMIFS('Offtake Raw'!AG:AG,'Offtake Raw'!$C:$C,Hair!$D86,'Offtake Raw'!$D:$D,Hair!$E86)/1000000 -> 0.1905925 | AF86: =SUMIFS('Offtake Raw'!AH:AH,'Offtake Raw'!$C:$C,Hair!$D86,'Offtake Raw'!$D:$D,Hair!$E86)/1000000 -> 0.1434045 | AG86: =SUMIFS('Offtake Raw'!AI:AI,'Offtake Raw'!$C:$C,Hair!$D86,'Offtake Raw'!$D:$D,Hair!$E86)/1000000 -> 0.19917833 | AH86: =AH89+AH92 -> 0.2 | AI86: =AI89+AI92 -> 0.2 | AK86: 0.2 | AL86: =AG86-AK86 -> -0.00082166667 | AN86: =IFERROR(AG86/U86*100,"NA") -> 87.554764 | AO86: =IFERROR(SUM(X86:AG86)/SUM(L86:U86)*100,"NA") -> 71.451508 | AP86: =IFERROR(SUM(AD86:AG86)/SUM(R86:U86)*100,"NA") -> 59.892941 | AQ86: =IFERROR(SUM(X86:Z86)/SUM(L86:N86)*100,"NA") -> 89.620268 | AR86: =IFERROR(SUM(AA86:AC86)/SUM(O86:Q86)*100,"NA") -> 63.160548 | AS86: =IFERROR(SUM(AD86:AF86)/SUM(R86:T86)*100,"NA") -> 54.190488 | AT86: =IFERROR(SUM(AG86:AI86)/SUM(U86:W86)*100,"NA") -> 80.686791 | AU86: =IFERROR(SUM(X86:AC86)/SUM(L86:Q86)*100,"NA") -> 77.174209 | AV86: =IFERROR(SUM(AD86:AI86)/SUM(R86:W86)*100,"NA") -> 64.848564 | AW86: =IFERROR(SUM(X86:AI86)/SUM(L86:W86)*100,"NA") -> 72.156061
A87: Offtake | B87: Normal | C87: Hair | D87: Pert | E87: Total | AD87: =AD89+AD88 -> 0.4 | AE87: =AE89+AE88 -> 0.45 | AF87: =AF89+AF88 -> 0.45 | AG87: =AG89+AG88 -> 0.36 | AH87: =AH89+AH88 -> 0.36 | AI87: =AI89+AI88 -> 0.36
A88: Offtake | B88: Normal | C88: Hair | D88: Pert | E88: Core | AD88: 0.2 | AE88: 0.2 | AF88: 0.2 | AG88: 0.16 | AH88: 0.16 | AI88: 0.16
A89: Offtake | B89: Normal | C89: Hair | D89: Pert | E89: Core+ | AD89: 0.2 | AE89: 0.25 | AF89: 0.25 | AG89: 0.2 | AH89: 0.2 | AI89: 0.2
A90: Offtake | B90: Uplift | C90: Hair | D90: Pert | E90: Total | AD90: =AD91+AD92 -> 0 | AE90: =AE91+AE92 -> 0 | AF90: =AF91+AF92 -> 0 | AG90: =AG91+AG92 -> 0 | AH90: =AH91+AH92 -> 0 | AI90: =AI91+AI92 -> 0.1
A91: Offtake | B91: Uplift | C91: Hair | D91: Pert | E91: Core | AI91: 0.1
A92: Offtake | B92: Uplift | C92: Hair | D92: Pert | E92: Core+
A93: Sell-Thru | B93: Total | C93: Hair | D93: Pert | E93: Total | F93: =F94+F95 -> 0.1970903 | G93: =G94+G95 -> 0.9277614 | H93: =H94+H95 -> 0.6433691 | I93: =I94+I95 -> 0.3942249 | J93: =J94+J95 -> 0.4704229 | K93: =K94+K95 -> 0.3001885 | L93: =L94+L95 -> 1.0208628 | M93: =M94+M95 -> 0.6890876 | ... AI93: =AI94+AI95 -> 1.4272 | AK93: 0.36 | AL93: =AG93-AK93 -> -0.09 | AN93: =IFERROR(AG93/U93*100,"NA") -> 127.40464 | AO93: =IFERROR(SUM(X93:AG93)/SUM(L93:U93)*100,"NA") -> 74.909692 | AP93: =IFERROR(SUM(AD93:AG93)/SUM(R93:U93)*100,"NA") -> 112.09903 | AQ93: =IFERROR(SUM(X93:Z93)/SUM(L93:N93)*100,"NA") -> 100.5317 | AR93: =IFERROR(SUM(AA93:AC93)/SUM(O93:Q93)*100,"NA") -> 43.581288 | AS93: =IFERROR(SUM(AD93:AF93)/SUM(R93:T93)*100,"NA") -> 107.50615 | AT93: =IFERROR(SUM(AG93:AI93)/SUM(U93:W93)*100,"NA") -> 213.18313 | AU93: =IFERROR(SUM(X93:AC93)/SUM(L93:Q93)*100,"NA") -> 68.682053 | AV93: =IFERROR(SUM(AD93:AI93)/SUM(R93:W93)*100,"NA") -> 168.52592 | AW93: =IFERROR(SUM(X93:AI93)/SUM(L93:W93)*100,"NA") -> 92.005877
A94: Sell-Thru | B94: Total | C94: Hair | D94: Pert | E94: Core | F94: 0.1241408 | G94: 0.2276784 | H94: 0.140832 | I94: 0.1783872 | J94: 0.23146 | K94: 0.164304 | L94: 0.2128128 | M94: 0.2017288 | N94: 0.1716064 | O94: 0.1854288 | P94: 0.432276 | Q94: 0.2172464 | R94: 0.1932528 | S94: 0.1103184 | T94: 0.1888192 | U94: 0.0818912 | V94: 0.30213675 | W94: 0.07235859 | X94: 0.14323135 | Y94: 0.12726885 | Z94: 0.19970957 | AA94: 0.50985231 | AB94: 0.07462776 | AC94: 0.12777327 | AD94: 0.1342542 | AE94: 0.21 | AF94: 0.11 | AG94: 0.16 | AH94: =AH85+AH97+AH100 -> 0.16 | AI94: =AI85+AI97+AI100 -> 1.2272 | AK94: 0.16 | AL94: =AG94-AK94 -> 0 | AN94: =IFERROR(AG94/U94*100,"NA") -> 195.38119 | AO94: =IFERROR(SUM(X94:AG94)/SUM(L94:U94)*100,"NA") -> 90.043831 | AP94: =IFERROR(SUM(AD94:AG94)/SUM(R94:U94)*100,"NA") -> 106.96045 | AQ94: =IFERROR(SUM(X94:Z94)/SUM(L94:N94)*100,"NA") -> 80.220315 | AR94: =IFERROR(SUM(AA94:AC94)/SUM(O94:Q94)*100,"NA") -> 85.304787 | AS94: =IFERROR(SUM(AD94:AF94)/SUM(R94:T94)*100,"NA") -> 92.254886 | AT94: =IFERROR(SUM(AG94:AI94)/SUM(U94:W94)*100,"NA") -> 339.01087 | AU94: =IFERROR(SUM(X94:AC94)/SUM(L94:Q94)*100,"NA") -> 83.20764 | AV94: =IFERROR(SUM(AD94:AI94)/SUM(R94:W94)*100,"NA") -> 210.95097 | AW94: =IFERROR(SUM(X94:AI94)/SUM(L94:W94)*100,"NA") -> 134.34952
A95: Sell-Thru | B95: Total | C95: Hair | D95: Pert | E95: Core+ | F95: 0.0729495 | G95: 0.700083 | H95: 0.5025371 | I95: 0.2158377 | J95: 0.2389629 | K95: 0.1358845 | L95: 0.80805 | M95: 0.4873588 | N95: 0.5350113 | O95: 0.141054 | P95: 0.4783406 | Q95: 1.6119687 | R95: 0.125388 | S95: 0.0224364 | T95: 0.0660128 | U95: 0.130032 | V95: 0.1318028 | W95: 0.2467706 | X95: 0.7809276 | Y95: 1.1306786 | Z95: 0.047601 | AA95: 0.065645 | AB95: 0.04644 | AC95: 0.512001 | AD95: 0.1549839 | AE95: 0.1 | AF95: 0.05 | AG95: 0.11 | AH95: =AH86+AH98+AH101 -> 0.2 | AI95: =AI86+AI98+AI101 -> 0.2 | AK95: 0.2 | AL95: =AG95-AK95 -> -0.09 | AN95: =IFERROR(AG95/U95*100,"NA") -> 84.594561 | AO95: =IFERROR(SUM(X95:AG95)/SUM(L95:U95)*100,"NA") -> 68.055232 | AP95: =IFERROR(SUM(AD95:AG95)/SUM(R95:U95)*100,"NA") -> 120.68074 | AQ95: =IFERROR(SUM(X95:Z95)/SUM(L95:N95)*100,"NA") -> 107.03593 | AR95: =IFERROR(SUM(AA95:AC95)/SUM(O95:Q95)*100,"NA") -> 27.968821 | AS95: =IFERROR(SUM(AD95:AF95)/SUM(R95:T95)*100,"NA") -> 142.62434 | AT95: =IFERROR(SUM(AG95:AI95)/SUM(U95:W95)*100,"NA") -> 100.2742 | AU95: =IFERROR(SUM(X95:AC95)/SUM(L95:Q95)*100,"NA") -> 63.599974 | AV95: =IFERROR(SUM(AD95:AI95)/SUM(R95:W95)*100,"NA") -> 112.8095 | AW95: =IFERROR(SUM(X95:AI95)/SUM(L95:W95)*100,"NA") -> 71.030865
A96: Sell-Thru | B96: Display | C96: Hair | D96: Pert | E96: Total | AD96: =AD97+AD98 -> 0 | AE96: =AE97+AE98 -> 0 | AF96: =AF97+AF98 -> 0 | AG96: =AG97+AG98 -> 0 | AH96: =AH97+AH98 -> 0 | AI96: =AI97+AI98 -> 0.9672
A97: Sell-Thru | B97: Display | C97: Hair | D97: Pert | E97: Core | AI97: =136*2*450*3/1000000+N("Ella NI")+0.6+N("Ella NI 紙架") -> 0.9672
A98: Sell-Thru | B98: Display | C98: Hair | D98: Pert | E98: Core+
A99: Sell-Thru | B99: Inv adj | C99: Hair | D99: Pert | E99: Total | AD99: =AD100+AD101 -> 0 | AE99: =AE100+AE101 -> 0 | AF99: =AF100+AF101 -> 0 | AG99: =AG100+AG101 -> 0 | AH99: =AH100+AH101 -> 0 | AI99: =AI100+AI101 -> 0
A100: Sell-Thru | B100: Inv adj | C100: Hair | D100: Pert | E100: Core
...

Sheet Fabric
F1: Actual | G1: Actual | H1: Actual | I1: Actual | J1: Actual | K1: Actual | L1: Actual | M1: Actual | N1: Actual | O1: Actual | P1: Actual | Q1: Actual | R1: Actual | S1: Actual | T1: Actual | U1: Actual | V1: Actual | W1: Actual | X1: Actual | Y1: Actual | Z1: Actual | AA1: Actual | AB1: Actual | AC1: Actual | AD1: Actual | AE1: Actual | AF1: Actual | AG1: Actual | AH1: Fcst | AI1: Fcst | AK1: Last Month
A2: Type | B2: BB | C2: Category | D2: Brand | E2: Line-up | F2: 202401 | G2: 202402 | H2: 202403 | I2: 202404 | J2: 202405 | K2: 202406 | L2: 202407 | M2: 202408 | N2: 202409 | O2: 202410 | P2: 202411 | Q2: 202412 | R2: 202501 | S2: 202502 | T2: 202503 | U2: 202504 | V2: 202505 | W2: 202506 | X2: 202507 | Y2: 202508 | Z2: 202509 | AA2: 202510 | AB2: 202511 | AC2: 202512 | AD2: 202601 | AE2: 202602 | AF2: 202603 | AG2: 202604 | AH2: 202605 | AI2: 202606 | AK2: Assumption | AL2: +/- | AN2: CM | AO2: FYTD | AP2: CYTD | AQ2: JAS | AR2: OND | AS2: JFM | AT2: AMJ | AU2: 1H | AV2: 2H | AW2: FY
A3: Offtake | B3: Total | C3: Fabric | D3: Fabric | E3: Total | F3: =SUM(F5:F8) -> 3.2809509 | G3: =SUM(G5:G8) -> 4.8481083 | H3: =SUM(H5:H8) -> 3.9774963 | I3: =SUM(I5:I8) -> 5.4007097 | J3: =SUM(J5:J8) -> 6.0796203 | K3: =SUM(K5:K8) -> 3.6145921 | L3: =SUM(L5:L8) -> 4.1013033 | M3: =SUM(M5:M8) -> 3.8499108 | ... AI3: =SUM(AI5:AI8) -> 6.36 | AK3: 4.64 | AL3: =AG3-AK3 -> 2.2130663 | AN3: =IFERROR(AG3/U3*100,"NA") -> 132.07981 | AO3: =IFERROR(SUM(X3:AG3)/SUM(L3:U3)*100,"NA") -> 102.0136 | AP3: =IFERROR(SUM(AD3:AG3)/SUM(R3:U3)*100,"NA") -> 97.763164 | AQ3: =IFERROR(SUM(X3:Z3)/SUM(L3:N3)*100,"NA") -> 116.29481 | AR3: =IFERROR(SUM(AA3:AC3)/SUM(O3:Q3)*100,"NA") -> 98.168152 | AS3: =IFERROR(SUM(AD3:AF3)/SUM(R3:T3)*100,"NA") -> 86.269849 | AT3: =IFERROR(SUM(AG3:AI3)/SUM(U3:W3)*100,"NA") -> 120.61708 | AU3: =IFERROR(SUM(X3:AC3)/SUM(L3:Q3)*100,"NA") -> 104.90469 | AV3: =IFERROR(SUM(AD3:AI3)/SUM(R3:W3)*100,"NA") -> 103.84164 | AW3: =IFERROR(SUM(X3:AI3)/SUM(L3:W3)*100,"NA") -> 104.36191
A4: Offtake | B4: Total | C4: Fabric | D4: Ariel | E4: Total | F4: =SUM(F5:F6) -> 2.6030706 | G4: =SUM(G5:G6) -> 4.1279239 | H4: =SUM(H5:H6) -> 3.495721 | I4: =SUM(I5:I6) -> 4.2067224 | J4: =SUM(J5:J6) -> 4.7707851 | K4: =SUM(K5:K6) -> 3.018822 | L4: =SUM(L5:L6) -> 2.9258491 | M4: =SUM(M5:M6) -> 2.7380167 | ... AG4: =SUM(AG5:AG6) -> 5.6050282 | AH4: =AH10+AH16 -> 5 | AI4: =AI10+AI16 -> 5 | AK4: 3.58 | AL4: =AG4-AK4 -> 2.0250282 | AN4: =IFERROR(AG4/U4*100,"NA") -> 156.17839 | AO4: =IFERROR(SUM(X4:AG4)/SUM(L4:U4)*100,"NA") -> 102.0453 | AP4: =IFERROR(SUM(AD4:AG4)/SUM(R4:U4)*100,"NA") -> 102.1589 | AQ4: =IFERROR(SUM(X4:Z4)/SUM(L4:N4)*100,"NA") -> 110.3396 | AR4: =IFERROR(SUM(AA4:AC4)/SUM(O4:Q4)*100,"NA") -> 97.382682 | AS4: =IFERROR(SUM(AD4:AF4)/SUM(R4:T4)*100,"NA") -> 85.342832 | AT4: =IFERROR(SUM(AG4:AI4)/SUM(U4:W4)*100,"NA") -> 133.46615 | AU4: =IFERROR(SUM(X4:AC4)/SUM(L4:Q4)*100,"NA") -> 101.9726 | AV4: =IFERROR(SUM(AD4:AI4)/SUM(R4:W4)*100,"NA") -> 109.57376 | AW4: =IFERROR(SUM(X4:AI4)/SUM(L4:W4)*100,"NA") -> 105.74062
A5: Offtake | B5: Total | C5: Fabric | D5: Ariel | E5: Ariel LIQ | F5: =SUMIFS('Offtake Raw'!H:H,'Offtake Raw'!$C:$C,Fabric!$D5,'Offtake Raw'!$D:$D,Fabric!$E5)/1000000 -> 0.5863432 | G5: =SUMIFS('Offtake Raw'!I:I,'Offtake Raw'!$C:$C,Fabric!$D5,'Offtake Raw'!$D:$D,Fabric!$E5)/1000000 -> 0.9905921 | H5: =SUMIFS('Offtake Raw'!J:J,'Offtake Raw'!$C:$C,Fabric!$D5,'Offtake Raw'!$D:$D,Fabric!$E5)/1000000 -> 0.68382615 | I5: =SUMIFS('Offtake Raw'!K:K,'Offtake Raw'!$C:$C,Fabric!$D5,'Offtake Raw'!$D:$D,Fabric!$E5)/1000000 -> 0.74044633 | J5: =SUMIFS('Offtake Raw'!L:L,'Offtake Raw'!$C:$C,Fabric!$D5,'Offtake Raw'!$D:$D,Fabric!$E5)/1000000 -> 1.1259407 | K5: =SUMIFS('Offtake Raw'!M:M,'Offtake Raw'!$C:$C,Fabric!$D5,'Offtake Raw'!$D:$D,Fabric!$E5)/1000000 -> 1.0298289 | L5: =SUMIFS('Offtake Raw'!N:N,'Offtake Raw'!$C:$C,Fabric!$D5,'Offtake Raw'!$D:$D,Fabric!$E5)/1000000 -> 0.75706357 | M5: =SUMIFS('Offtake Raw'!O:O,'Offtake Raw'!$C:$C,Fabric!$D5,'Offtake Raw'!$D:$D,Fabric!$E5)/1000000 -> 0.90302607 | N5: =SUMIFS('Offtake Raw'!P:P,'Offtake Raw'!$C:$C,Fabric!$D5,'Offtake Raw'!$D:$D,Fabric!$E5)/1000000 -> 0.87952817 | O5: =SUMIFS('Offtake Raw'!Q:Q,'Offtake Raw'!$C:$C,Fabric!$D5,'Offtake Raw'!$D:$D,Fabric!$E5)/1000000 -> 0.66086808 | P5: =SUMIFS('Offtake Raw'!R:R,'Offtake Raw'!$C:$C,Fabric!$D5,'Offtake Raw'!$D:$D,Fabric!$E5)/1000000 -> 1.0989112 | Q5: =SUMIFS('Offtake Raw'!S:S,'Offtake Raw'!$C:$C,Fabric!$D5,'Offtake Raw'!$D:$D,Fabric!$E5)/1000000 -> 0.61280023 | R5: =SUMIFS('Offtake Raw'!T:T,'Offtake Raw'!$C:$C,Fabric!$D5,'Offtake Raw'!$D:$D,Fabric!$E5)/1000000 -> 1.0280903 | S5: =SUMIFS('Offtake Raw'!U:U,'Offtake Raw'!$C:$C,Fabric!$D5,'Offtake Raw'!$D:$D,Fabric!$E5)/1000000 -> 1.0601532 | T5: =SUMIFS('Offtake Raw'!V:V,'Offtake Raw'!$C:$C,Fabric!$D5,'Offtake Raw'!$D:$D,Fabric!$E5)/1000000 -> 0.77415715 | U5: =SUMIFS('Offtake Raw'!W:W,'Offtake Raw'!$C:$C,Fabric!$D5,'Offtake Raw'!$D:$D,Fabric!$E5)/1000000 -> 0.97737118 | V5: =SUMIFS('Offtake Raw'!X:X,'Offtake Raw'!$C:$C,Fabric!$D5,'Offtake Raw'!$D:$D,Fabric!$E5)/1000000 -> 1.2637562 | W5: =SUMIFS('Offtake Raw'!Y:Y,'Offtake Raw'!$C:$C,Fabric!$D5,'Offtake Raw'!$D:$D,Fabric!$E5)/1000000 -> 0.72701046 | X5: =SUMIFS('Offtake Raw'!Z:Z,'Offtake Raw'!$C:$C,Fabric!$D5,'Offtake Raw'!$D:$D,Fabric!$E5)/1000000 -> 1.3700895 | Y5: =SUMIFS('Offtake Raw'!AA:AA,'Offtake Raw'!$C:$C,Fabric!$D5,'Offtake Raw'!$D:$D,Fabric!$E5)/1000000 -> 1.0131401 | Z5: =SUMIFS('Offtake Raw'!AB:AB,'Offtake Raw'!$C:$C,Fabric!$D5,'Offtake Raw'!$D:$D,Fabric!$E5)/1000000 -> 0.78915228 | AA5: =SUMIFS('Offtake Raw'!AC:AC,'Offtake Raw'!$C:$C,Fabric!$D5,'Offtake Raw'!$D:$D,Fabric!$E5)/1000000 -> 1.0158895 | AB5: =SUMIFS('Offtake Raw'!AD:AD,'Offtake Raw'!$C:$C,Fabric!$D5,'Offtake Raw'!$D:$D,Fabric!$E5)/1000000 -> 0.9878376 | AC5: =SUMIFS('Offtake Raw'!AE:AE,'Offtake Raw'!$C:$C,Fabric!$D5,'Offtake Raw'!$D:$D,Fabric!$E5)/1000000 -> 1.0294026 | AD5: =SUMIFS('Offtake Raw'!AF:AF,'Offtake Raw'!$C:$C,Fabric!$D5,'Offtake Raw'!$D:$D,Fabric!$E5)/1000000 -> 0.74250945 | AE5: =SUMIFS('Offtake Raw'!AG:AG,'Offtake Raw'!$C:$C,Fabric!$D5,'Offtake Raw'!$D:$D,Fabric!$E5)/1000000 -> 0.9492612 | AF5: =SUMIFS('Offtake Raw'!AH:AH,'Offtake Raw'!$C:$C,Fabric!$D5,'Offtake Raw'!$D:$D,Fabric!$E5)/1000000 -> 0.60003111 | AG5: =SUMIFS('Offtake Raw'!AI:AI,'Offtake Raw'!$C:$C,Fabric!$D5,'Offtake Raw'!$D:$D,Fabric!$E5)/1000000 -> 0.80969184 | AH5: =AH11+AH17 -> 1 | AI5: =AI11+AI17 -> 1 | AK5: 1 | AL5: =AG5-AK5 -> -0.19030816 | AN5: =IFERROR(AG5/U5*100,"NA") -> 82.843843 | AO5: =IFERROR(SUM(X5:AG5)/SUM(L5:U5)*100,"NA") -> 106.34184 | AP5: =IFERROR(SUM(AD5:AG5)/SUM(R5:U5)*100,"NA") -> 80.772861 | AQ5: =IFERROR(SUM(X5:Z5)/SUM(L5:N5)*100,"NA") -> 124.91572 | AR5: =IFERROR(SUM(AA5:AC5)/SUM(O5:Q5)*100,"NA") -> 127.84101 | AS5: =IFERROR(SUM(AD5:AF5)/SUM(R5:T5)*100,"NA") -> 80.065722 | AT5: =IFERROR(SUM(AG5:AI5)/SUM(U5:W5)*100,"NA") -> 94.661771 | AU5: =IFERROR(SUM(X5:AC5)/SUM(L5:Q5)*100,"NA") -> 126.32863 | AV5: =IFERROR(SUM(AD5:AI5)/SUM(R5:W5)*100,"NA") -> 87.496096 | AW5: =IFERROR(SUM(X5:AI5)/SUM(L5:W5)*100,"NA") -> 105.25257
A6: Offtake | B6: Total | C6: Fabric | D6: Ariel | E6: Ariel SUD | F6: =SUMIFS('Offtake Raw'!H:H,'Offtake Raw'!$C:$C,Fabric!$D6,'Offtake Raw'!$D:$D,Fabric!$E6)/1000000 -> 2.0167274 | G6: =SUMIFS('Offtake Raw'!I:I,'Offtake Raw'!$C:$C,Fabric!$D6,'Offtake Raw'!$D:$D,Fabric!$E6)/1000000 -> 3.1373318 | H6: =SUMIFS('Offtake Raw'!J:J,'Offtake Raw'!$C:$C,Fabric!$D6,'Offtake Raw'!$D:$D,Fabric!$E6)/1000000 -> 2.8118949 | I6: =SUMIFS('Offtake Raw'!K:K,'Offtake Raw'!$C:$C,Fabric!$D6,'Offtake Raw'!$D:$D,Fabric!$E6)/1000000 -> 3.4662761 | J6: =SUMIFS('Offtake Raw'!L:L,'Offtake Raw'!$C:$C,Fabric!$D6,'Offtake Raw'!$D:$D,Fabric!$E6)/1000000 -> 3.6448444 | K6: =SUMIFS('Offtake Raw'!M:M,'Offtake Raw'!$C:$C,Fabric!$D6,'Offtake Raw'!$D:$D,Fabric!$E6)/1000000 -> 1.988993 | L6: =SUMIFS('Offtake Raw'!N:N,'Offtake Raw'!$C:$C,Fabric!$D6,'Offtake Raw'!$D:$D,Fabric!$E6)/1000000 -> 2.1687856 | M6: =SUMIFS('Offtake Raw'!O:O,'Offtake Raw'!$C:$C,Fabric!$D6,'Offtake Raw'!$D:$D,Fabric!$E6)/1000000 -> 1.8349907 | N6: =SUMIFS('Offtake Raw'!P:P,'Offtake Raw'!$C:$C,Fabric!$D6,'Offtake Raw'!$D:$D,Fabric!$E6)/1000000 -> 1.8246264 | O6: =SUMIFS('Offtake Raw'!Q:Q,'Offtake Raw'!$C:$C,Fabric!$D6,'Offtake Raw'!$D:$D,Fabric!$E6)/1000000 -> 2.2384205 | P6: =SUMIFS('Offtake Raw'!R:R,'Offtake Raw'!$C:$C,Fabric!$D6,'Offtake Raw'!$D:$D,Fabric!$E6)/1000000 -> 6.0137958 | Q6: =SUMIFS('Offtake Raw'!S:S,'Offtake Raw'!$C:$C,Fabric!$D6,'Offtake Raw'!$D:$D,Fabric!$E6)/1000000 -> 4.6293578 | R6: =SUMIFS('Offtake Raw'!T:T,'Offtake Raw'!$C:$C,Fabric!$D6,'Offtake Raw'!$D:$D,Fabric!$E6)/1000000 -> 2.7932784 | S6: =SUMIFS('Offtake Raw'!U:U,'Offtake Raw'!$C:$C,Fabric!$D6,'Offtake Raw'!$D:$D,Fabric!$E6)/1000000 -> 3.319593 | T6: =SUMIFS('Offtake Raw'!V:V,'Offtake Raw'!$C:$C,Fabric!$D6,'Offtake Raw'!$D:$D,Fabric!$E6)/1000000 -> 2.5534994 | U6: =SUMIFS('Offtake Raw'!W:W,'Offtake Raw'!$C:$C,Fabric!$D6,'Offtake Raw'!$D:$D,Fabric!$E6)/1000000 -> 2.6114915 | V6: =SUMIFS('Offtake Raw'!X:X,'Offtake Raw'!$C:$C,Fabric!$D6,'Offtake Raw'!$D:$D,Fabric!$E6)/1000000 -> 4.1051219 | W6: =SUMIFS('Offtake Raw'!Y:Y,'Offtake Raw'!$C:$C,Fabric!$D6,'Offtake Raw'!$D:$D,Fabric!$E6)/1000000 -> 2.0073728 | X6: =SUMIFS('Offtake Raw'!Z:Z,'Offtake Raw'!$C:$C,Fabric!$D6,'Offtake Raw'!$D:$D,Fabric!$E6)/1000000 -> 3.2968409 | Y6: =SUMIFS('Offtake Raw'!AA:AA,'Offtake Raw'!$C:$C,Fabric!$D6,'Offtake Raw'!$D:$D,Fabric!$E6)/1000000 -> 1.3785249 | Z6: =SUMIFS('Offtake Raw'!AB:AB,'Offtake Raw'!$C:$C,Fabric!$D6,'Offtake Raw'!$D:$D,Fabric!$E6)/1000000 -> 1.3854925 | AA6: =SUMIFS('Offtake Raw'!AC:AC,'Offtake Raw'!$C:$C,Fabric!$D6,'Offtake Raw'!$D:$D,Fabric!$E6)/1000000 -> 3.1379094 | AB6: =SUMIFS('Offtake Raw'!AD:AD,'Offtake Raw'!$C:$C,Fabric!$D6,'Offtake Raw'!$D:$D,Fabric!$E6)/1000000 -> 2.563982 | AC6: =SUMIFS('Offtake Raw'!AE:AE,'Offtake Raw'!$C:$C,Fabric!$D6,'Offtake Raw'!$D:$D,Fabric!$E6)/1000000 -> 6.1198827 | AD6: =SUMIFS('Offtake Raw'!AF:AF,'Offtake Raw'!$C:$C,Fabric!$D6,'Offtake Raw'!$D:$D,Fabric!$E6)/1000000 -> 2.6521755 | AE6: =SUMIFS('Offtake Raw'!AG:AG,'Offtake Raw'!$C:$C,Fabric!$D6,'Offtake Raw'!$D:$D,Fabric!$E6)/1000000 -> 2.4882854 | AF6: =SUMIFS('Offtake Raw'!AH:AH,'Offtake Raw'!$C:$C,Fabric!$D6,'Offtake Raw'!$D:$D,Fabric!$E6)/1000000 -> 2.4067175 | AG6: =SUMIFS('Offtake Raw'!AI:AI,'Offtake Raw'!$C:$C,Fabric!$D6,'Offtake Raw'!$D:$D,Fabric!$E6)/1000000 -> 4.7953363 | AH6: =AH12+AH18 -> 4 | AI6: =AI12+AI18 -> 4 | AK6: 2.58 | AL6: =AG6-AK6 -> 2.2153363 | AN6: =IFERROR(AG6/U6*100,"NA") -> 183.62443 | AO6: =IFERROR(SUM(X6:AG6)/SUM(L6:U6)*100,"NA") -> 100.79135 | AP6: =IFERROR(SUM(AD6:AG6)/SUM(R6:U6)*100,"NA") -> 109.4402 | AQ6: =IFERROR(SUM(X6:Z6)/SUM(L6:N6)*100,"NA") -> 103.98833 | AR6: =IFERROR(SUM(AA6:AC6)/SUM(O6:Q6)*100,"NA") -> 91.772745 | AS6: =IFERROR(SUM(AD6:AF6)/SUM(R6:T6)*100,"NA") -> 87.085799 | AT6: =IFERROR(SUM(AG6:AI6)/SUM(U6:W6)*100,"NA") -> 146.66846 | AU6: =IFERROR(SUM(X6:AC6)/SUM(L6:Q6)*100,"NA") -> 95.578058 | AV6: =IFERROR(SUM(AD6:AI6)/SUM(R6:W6)*100,"NA") -> 116.97583 | AW6: =IFERROR(SUM(X6:AI6)/SUM(L6:W6)*100,"NA") -> 105.88586
A7: Offtake | B7: Total | C7: Fabric | D7: Lenor | E7: Lenor | F7: =SUMIFS('Offtake Raw'!H:H,'Offtake Raw'!$C:$C,Fabric!$D7,'Offtake Raw'!$D:$D,Fabric!$E7)/1000000 -> 0.67788021 | G7: =SUMIFS('Offtake Raw'!I:I,'Offtake Raw'!$C:$C,Fabric!$D7,'Offtake Raw'!$D:$D,Fabric!$E7)/1000000 -> 0.72018447 | H7: =SUMIFS('Offtake Raw'!J:J,'Offtake Raw'!$C:$C,Fabric!$D7,'Offtake Raw'!$D:$D,Fabric!$E7)/1000000 -> 0.45857487 | I7: =SUMIFS('Offtake Raw'!K:K,'Offtake Raw'!$C:$C,Fabric!$D7,'Offtake Raw'!$D:$D,Fabric!$E7)/1000000 -> 1.1614319 | J7: =SUMIFS('Offtake Raw'!L:L,'Offtake Raw'!$C:$C,Fabric!$D7,'Offtake Raw'!$D:$D,Fabric!$E7)/1000000 -> 1.2403566 | K7: =SUMIFS('Offtake Raw'!M:M,'Offtake Raw'!$C:$C,Fabric!$D7,'Offtake Raw'!$D:$D,Fabric!$E7)/1000000 -> 0.51718814 | L7: =SUMIFS('Offtake Raw'!N:N,'Offtake Raw'!$C:$C,Fabric!$D7,'Offtake Raw'!$D:$D,Fabric!$E7)/1000000 -> 1.1140854 | M7: =SUMIFS('Offtake Raw'!O:O,'Offtake Raw'!$C:$C,Fabric!$D7,'Offtake Raw'!$D:$D,Fabric!$E7)/1000000 -> 1.0187183 | N7: =SUMIFS('Offtake Raw'!P:P,'Offtake Raw'!$C:$C,Fabric!$D7,'Offtake Raw'!$D:$D,Fabric!$E7)/1000000 -> 0.55683151 | O7: =SUMIFS('Offtake Raw'!Q:Q,'Offtake Raw'!$C:$C,Fabric!$D7,'Offtake Raw'!$D:$D,Fabric!$E7)/1000000 -> 0.76404024 | P7: =SUMIFS('Offtake Raw'!R:R,'Offtake Raw'!$C:$C,Fabric!$D7,'Offtake Raw'!$D:$D,Fabric!$E7)/1000000 -> 1.942305 | Q7: =SUMIFS('Offtake Raw'!S:S,'Offtake Raw'!$C:$C,Fabric!$D7,'Offtake Raw'!$D:$D,Fabric!$E7)/1000000 -> 0.89190441 | R7: =SUMIFS('Offtake Raw'!T:T,'Offtake Raw'!$C:$C,Fabric!$D7,'Offtake Raw'!$D:$D,Fabric!$E7)/1000000 -> 1.3874243 | S7: =SUMIFS('Offtake Raw'!U:U,'Offtake Raw'!$C:$C,Fabric!$D7,'Offtake Raw'!$D:$D,Fabric!$E7)/1000000 -> 1.0039762 | T7: =SUMIFS('Offtake Raw'!V:V,'Offtake Raw'!$C:$C,Fabric!$D7,'Offtake Raw'!$D:$D,Fabric!$E7)/1000000 -> 1.1529372 | U7: =SUMIFS('Offtake Raw'!W:W,'Offtake Raw'!$C:$C,Fabric!$D7,'Offtake Raw'!$D:$D,Fabric!$E7)/1000000 -> 1.2353057 | V7: =SUMIFS('Offtake Raw'!X:X,'Offtake Raw'!$C:$C,Fabric!$D7,'Offtake Raw'!$D:$D,Fabric!$E7)/1000000 -> 1.2790385 | W7: =SUMIFS('Offtake Raw'!Y:Y,'Offtake Raw'!$C:$C,Fabric!$D7,'Offtake Raw'!$D:$D,Fabric!$E7)/1000000 -> 0.90561089 | X7: =SUMIFS('Offtake Raw'!Z:Z,'Offtake Raw'!$C:$C,Fabric!$D7,'Offtake Raw'!$D:$D,Fabric!$E7)/1000000 -> 1.0539088 | Y7: =SUMIFS('Offtake Raw'!AA:AA,'Offtake Raw'!$C:$C,Fabric!$D7,'Offtake Raw'!$D:$D,Fabric!$E7)/1000000 -> 0.79949411 | Z7: =SUMIFS('Offtake Raw'!AB:AB,'Offtake Raw'!$C:$C,Fabric!$D7,'Offtake Raw'!$D:$D,Fabric!$E7)/1000000 -> 0.84791994 | AA7: =SUMIFS('Offtake Raw'!AC:AC,'Offtake Raw'!$C:$C,Fabric!$D7,'Offtake Raw'!$D:$D,Fabric!$E7)/1000000 -> 1.1859601 | AB7: =SUMIFS('Offtake Raw'!AD:AD,'Offtake Raw'!$C:$C,Fabric!$D7,'Offtake Raw'!$D:$D,Fabric!$E7)/1000000 -> 1.2855062 | AC7: =SUMIFS('Offtake Raw'!AE:AE,'Offtake Raw'!$C:$C,Fabric!$D7,'Offtake Raw'!$D:$D,Fabric!$E7)/1000000 -> 0.77498546 | AD7: =SUMIFS('Offtake Raw'!AF:AF,'Offtake Raw'!$C:$C,Fabric!$D7,'Offtake Raw'!$D:$D,Fabric!$E7)/1000000 -> 1.2090009 | AE7: =SUMIFS('Offtake Raw'!AG:AG,'Offtake Raw'!$C:$C,Fabric!$D7,'Offtake Raw'!$D:$D,Fabric!$E7)/1000000 -> 1.1174807 | AF7: =SUMIFS('Offtake Raw'!AH:AH,'Offtake Raw'!$C:$C,Fabric!$D7,'Offtake Raw'!$D:$D,Fabric!$E7)/1000000 -> 0.76144042 | AG7: =SUMIFS('Offtake Raw'!AI:AI,'Offtake Raw'!$C:$C,Fabric!$D7,'Offtake Raw'!$D:$D,Fabric!$E7)/1000000 -> 1.0990385 | AH7: =AH13+AH19 -> 1.16 | AI7: =AI13+AI19 -> 1.16 | AK7: 0.86 | AL7: =AG7-AK7 -> 0.23903847 | AN7: =IFERROR(AG7/U7*100,"NA") -> 88.968946 | AO7: =IFERROR(SUM(X7:AG7)/SUM(L7:U7)*100,"NA") -> 91.571802 | AP7: =IFERROR(SUM(AD7:AG7)/SUM(R7:U7)*100,"NA") -> 87.599851 | AQ7: =IFERROR(SUM(X7:Z7)/SUM(L7:N7)*100,"NA") -> 100.43454 | AR7: =IFERROR(SUM(AA7:AC7)/SUM(O7:Q7)*100,"NA") -> 90.223081 | AS7: =IFERROR(SUM(AD7:AF7)/SUM(R7:T7)*100,"NA") -> 87.122681 | AT7: =IFERROR(SUM(AG7:AI7)/SUM(U7:W7)*100,"NA") -> 99.973197 | AU7: =IFERROR(SUM(X7:AC7)/SUM(L7:Q7)*100,"NA") -> 94.591022 | AV7: =IFERROR(SUM(AD7:AI7)/SUM(R7:W7)*100,"NA") -> 93.433184 | AW7: =IFERROR(SUM(X7:AI7)/SUM(L7:W7)*100,"NA") -> 93.982554
A8: Offtake | B8: Total | C8: Fabric | D8: Bold | E8: Bold | F8: =SUMIFS('Offtake Raw'!H:H,'Offtake Raw'!$C:$C,Fabric!$D8,'Offtake Raw'!$D:$D,Fabric!$E8)/1000000 -> 0 | G8: =SUMIFS('Offtake Raw'!I:I,'Offtake Raw'!$C:$C,Fabric!$D8,'Offtake Raw'!$D:$D,Fabric!$E8)/1000000 -> 0 | H8: =SUMIFS('Offtake Raw'!J:J,'Offtake Raw'!$C:$C,Fabric!$D8,'Offtake Raw'!$D:$D,Fabric!$E8)/1000000 -> 0.0232004 | I8: =SUMIFS('Offtake Raw'!K:K,'Offtake Raw'!$C:$C,Fabric!$D8,'Offtake Raw'!$D:$D,Fabric!$E8)/1000000 -> 0.0325554 | J8: =SUMIFS('Offtake Raw'!L:L,'Offtake Raw'!$C:$C,Fabric!$D8,'Offtake Raw'!$D:$D,Fabric!$E8)/1000000 -> 0.0684786 | K8: =SUMIFS('Offtake Raw'!M:M,'Offtake Raw'!$C:$C,Fabric!$D8,'Offtake Raw'!$D:$D,Fabric!$E8)/1000000 -> 0.078582 | L8: =SUMIFS('Offtake Raw'!N:N,'Offtake Raw'!$C:$C,Fabric!$D8,'Offtake Raw'!$D:$D,Fabric!$E8)/1000000 -> 0.0613688 | M8: =SUMIFS('Offtake Raw'!O:O,'Offtake Raw'!$C:$C,Fabric!$D8,'Offtake Raw'!$D:$D,Fabric!$E8)/1000000 -> 0.0931758 | N8: =SUMIFS('Offtake Raw'!P:P,'Offtake Raw'!$C:$C,Fabric!$D8,'Offtake Raw'!$D:$D,Fabric!$E8)/1000000 -> 0.0871886 | O8: =SUMIFS('Offtake Raw'!Q:Q,'Offtake Raw'!$C:$C,Fabric!$D8,'Offtake Raw'!$D:$D,Fabric!$E8)/1000000 -> 0.0834466 | P8: =SUMIFS('Offtake Raw'!R:R,'Offtake Raw'!$C:$C,Fabric!$D8,'Offtake Raw'!$D:$D,Fabric!$E8)/1000000 -> 0.0737174 | Q8: =SUMIFS('Offtake Raw'!S:S,'Offtake Raw'!$C:$C,Fabric!$D8,'Offtake Raw'!$D:$D,Fabric!$E8)/1000000 -> 0.09541356 | R8: =SUMIFS('Offtake Raw'!T:T,'Offtake Raw'!$C:$C,Fabric!$D8,'Offtake Raw'!$D:$D,Fabric!$E8)/1000000 -> 0.13632818 | S8: =SUMIFS('Offtake Raw'!U:U,'Offtake Raw'!$C:$C,Fabric!$D8,'Offtake Raw'!$D:$D,Fabric!$E8)/1000000 -> 0.17452482 | T8: =SUMIFS('Offtake Raw'!V:V,'Offtake Raw'!$C:$C,Fabric!$D8,'Offtake Raw'!$D:$D,Fabric!$E8)/1000000 -> 0.10805486 | U8: =SUMIFS('Offtake Raw'!W:W,'Offtake Raw'!$C:$C,Fabric!$D8,'Offtake Raw'!$D:$D,Fabric!$E8)/1000000 -> 0.36441149 | V8: =SUMIFS('Offtake Raw'!X:X,'Offtake Raw'!$C:$C,Fabric!$D8,'Offtake Raw'!$D:$D,Fabric!$E8)/1000000 -> 0.53308196 | W8: =SUMIFS('Offtake Raw'!Y:Y,'Offtake Raw'!$C:$C,Fabric!$D8,'Offtake Raw'!$D:$D,Fabric!$E8)/1000000 -> 0.21786961 | X8: =SUMIFS('Offtake Raw'!Z:Z,'Offtake Raw'!$C:$C,Fabric!$D8,'Offtake Raw'!$D:$D,Fabric!$E8)/1000000 -> 0.43098529 | Y8: =SUMIFS('Offtake Raw'!AA:AA,'Offtake Raw'!$C:$C,Fabric!$D8,'Offtake Raw'!$D:$D,Fabric!$E8)/1000000 -> 0.55175752 | Z8: =SUMIFS('Offtake Raw'!AB:AB,'Offtake Raw'!$C:$C,Fabric!$D8,'Offtake Raw'!$D:$D,Fabric!$E8)/1000000 -> 0.22329725 | AA8: =SUMIFS('Offtake Raw'!AC:AC,'Offtake Raw'!$C:$C,Fabric!$D8,'Offtake Raw'!$D:$D,Fabric!$E8)/1000000 -> 0.25072238 | AB8: =SUMIFS('Offtake Raw'!AD:AD,'Offtake Raw'!$C:$C,Fabric!$D8,'Offtake Raw'!$D:$D,Fabric!$E8)/1000000 -> 0.20150065 | AC8: =SUMIFS('Offtake Raw'!AE:AE,'Offtake Raw'!$C:$C,Fabric!$D8,'Offtake Raw'!$D:$D,Fabric!$E8)/1000000 -> 0.201428 | AD8: =SUMIFS('Offtake Raw'!AF:AF,'Offtake Raw'!$C:$C,Fabric!$D8,'Offtake Raw'!$D:$D,Fabric!$E8)/1000000 -> 0.20149945 | AE8: =SUMIFS('Offtake Raw'!AG:AG,'Offtake Raw'!$C:$C,Fabric!$D8,'Offtake Raw'!$D:$D,Fabric!$E8)/1000000 -> 0.12517939 | AF8: =SUMIFS('Offtake Raw'!AH:AH,'Offtake Raw'!$C:$C,Fabric!$D8,'Offtake Raw'!$D:$D,Fabric!$E8)/1000000 -> 0.11135884 | AG8: =SUMIFS('Offtake Raw'!AI:AI,'Offtake Raw'!$C:$C,Fabric!$D8,'Offtake Raw'!$D:$D,Fabric!$E8)/1000000 -> 0.14899965 | AH8: =AH14+AH20 -> 0.2 | AI8: =AI14+AI20 -> 0.2 | AK8: 0.2 | AL8: =AG8-AK8 -> -0.051000353 | AN8: =IFERROR(AG8/U8*100,"NA") -> 40.887747 | AO8: =IFERROR(SUM(X8:AG8)/SUM(L8:U8)*100,"NA") -> 191.50522 | AP8: =IFERROR(SUM(AD8:AG8)/SUM(R8:U8)*100,"NA") -> 74.942273 | AQ8: =IFERROR(SUM(X8:Z8)/SUM(L8:N8)*100,"NA") -> 498.9137 | AR8: =IFERROR(SUM(AA8:AC8)/SUM(O8:Q8)*100,"NA") -> 258.7922 | AS8: =IFERROR(SUM(AD8:AF8)/SUM(R8:T8)*100,"NA") -> 104.56659 | AT8: =IFERROR(SUM(AG8:AI8)/SUM(U8:W8)*100,"NA") -> 49.221609 | AU8: =IFERROR(SUM(X8:AC8)/SUM(L8:Q8)*100,"NA") -> 376.21902 | AV8: =IFERROR(SUM(AD8:AI8)/SUM(R8:W8)*100,"NA") -> 64.332662 | AW8: =IFERROR(SUM(X8:AI8)/SUM(L8:W8)*100,"NA") -> 140.33097
A9: Offtake | B9: Normal | C9: Fabric | D9: Fabric | E9: Total | AD9: =AD10+AD13+AD14 -> 3.36 | AE9: =AE10+AE13+AE14 -> 3.36 | AF9: =AF10+AF13+AF14 -> 3.36 | AG9: =AG10+AG13+AG14 -> 3.36 | AH9: =AH10+AH13+AH14 -> 3.36 | AI9: =AI10+AI13+AI14 -> 3.36
A10: Offtake | B10: Normal | C10: Fabric | D10: Ariel | E10: Total | AD10: =AD11+AD12 -> 2.3 | AE10: =AE11+AE12 -> 2.3 | AF10: =AF11+AF12 -> 2.3 | AG10: =AG11+AG12 -> 2.3 | AH10: =AH11+AH12 -> 2.3 | AI10: =AI11+AI12 -> 2.3
A11: Offtake | B11: Normal | C11: Fabric | D11: Ariel | E11: Ariel LIQ | AD11: 1 | AE11: 1 | AF11: 1 | AG11: 1 | AH11: 1 | AI11: 1
A12: Offtake | B12: Normal | C12: Fabric | D12: Ariel | E12: Ariel SUD | AD12: 1.3 | AE12: 1.3 | AF12: 1.3 | AG12: 1.3 | AH12: 1.3 | AI12: 1.3
A13: Offtake | B13: Normal | C13: Fabric | D13: Lenor | E13: Lenor | AD13: 0.86 | AE13: 0.86 | AF13: 0.86 | AG13: 0.86 | AH13: 0.86 | AI13: 0.86
A14: Offtake | B14: Normal | C14: Fabric | D14: Bold | E14: Bold | AD14: 0.2 | AE14: 0.2 | AF14: 0.2 | AG14: 0.2 | AH14: 0.2 | AI14: 0.2
A15: Offtake | B15: Uplift | C15: Fabric | D15: Fabric | E15: Total | AD15: =AD16+AD19+AD20 -> 0 | AE15: =AE16+AE19+AE20 -> 1.9172 | AF15: =AF16+AF19+AF20 -> 1.7172 | AG15: =AG16+AG19+AG20 -> 1.28 | AH15: =AH16+AH19+AH20 -> 3 | AI15: =AI16+AI19+AI20 -> 3
A16: Offtake | B16: Uplift | C16: Fabric | D16: Ariel | E16: Total | AD16: =AD17+AD18 -> 0 | AE16: =AE17+AE18 -> 1.7172 | AF16: =AF17+AF18 -> 1.7172 | AG16: =AG17+AG18 -> 1.28 | AH16: =AH17+AH18 -> 2.7 | AI16: =AI17+AI18 -> 2.7
A17: Offtake | B17: Uplift | C17: Fabric | D17: Ariel | E17: Ariel LIQ
A18: Offtake | B18: Uplift | C18: Fabric | D18: Ariel | E18: Ariel SUD | AE18: =1.28+((4000+4000)*109.3/1000000+N("P4 SUD 11-12ct redemption $89"))*0.5 -> 1.7172 | AF18: =1.28+N("64ct要想辦法賣掉")+((4000+4000)*109.3/1000000+N("P4 SUD 11-12ct redemption $89"))*0.5 -> 1.7172 | AG18: =1.28+N("64ct要想辦法賣掉") -> 1.28 | AH18: =2.7+N("64ct整檔的一半") -> 2.7 | AI18: =2.7+N("64ct整檔的一半") -> 2.7
A19: Offtake | B19: Uplift | C19: Fabric | D19: Lenor | E19: Lenor | AE19: 0.2 | AH19: 0.3 | AI19: 0.3
A20: Offtake | B20: Uplift | C20: Fabric | D20: Bold | E20: Bold
A21: Sell-Thru | B21: Total | C21: Fabric | D21: Fabric | E21: Total | F21: =SUM(F23:F26) -> 3.6757136 | G21: =SUM(G23:G26) -> 7.6111533 | H21: =SUM(H23:H26) -> 2.688969 | I21: =SUM(I23:I26) -> 6.3776531 | J21: =SUM(J23:J26) -> 3.1063315 | K21: =SUM(K23:K26) -> 3.8394554 | L21: =SUM(L23:L26) -> 6.9030455 | M21: =SUM(M23:M26) -> 1.5553889 | ... AI21: =SUM(AI23:AI26) -> 6.16 | AK21: 2.96 | AL21: =AG21-AK21 -> -1.110744 | AN21: =IFERROR(AG21/U21*100,"NA") -> 30.057917 | AO21: =IFERROR(SUM(X21:AG21)/SUM(L21:U21)*100,"NA") -> 87.398706 | AP21: =IFERROR(SUM(AD21:AG21)/SUM(R21:U21)*100,"NA") -> 44.488324 | AQ21: =IFERROR(SUM(X21:Z21)/SUM(L21:N21)*100,"NA") -> 98.298104 | AR21: =IFERROR(SUM(AA21:AC21)/SUM(O21:Q21)*100,"NA") -> 132.64444 | AS21: =IFERROR(SUM(AD21:AF21)/SUM(R21:T21)*100,"NA") -> 49.75547 | AT21: =IFERROR(SUM(AG21:AI21)/SUM(U21:W21)*100,"NA") -> 101.68416 | AU21: =IFERROR(SUM(X21:AC21)/SUM(L21:Q21)*100,"NA") -> 119.79385 | AV21: =IFERROR(SUM(AD21:AI21)/SUM(R21:W21)*100,"NA") -> 75.358783 | AW21: =IFERROR(SUM(X21:AI21)/SUM(L21:W21)*100,"NA") -> 96.609622
A22: Sell-Thru | B22: Total | C22: Fabric | D22: Ariel | E22: Total | F22: =SUM(F23:F24) -> 3.42912 | G22: =SUM(G23:G24) -> 6.7302243 | H22: =SUM(H23:H24) -> 2.2357586 | I22: =SUM(I23:I24) -> 4.0169942 | J22: =SUM(J23:J24) -> 2.3349457 | K22: =SUM(K23:K24) -> 3.2850305 | L22: =SUM(L23:L24) -> 4.1926867 | M22: =SUM(M23:M24) -> 1.1912665 | ... AI22: =SUM(AI23:AI24) -> 2.6 | AK22: 2.3 | AL22: =AG22-AK22 -> -0.57425913 | AN22: =IFERROR(AG22/U22*100,"NA") -> 36.594995 | AO22: =IFERROR(SUM(X22:AG22)/SUM(L22:U22)*100,"NA") -> 97.201159 | AP22: =IFERROR(SUM(AD22:AG22)/SUM(R22:U22)*100,"NA") -> 37.759831 | AQ22: =IFERROR(SUM(X22:Z22)/SUM(L22:N22)*100,"NA") -> 104.25978 | AR22: =IFERROR(SUM(AA22:AC22)/SUM(O22:Q22)*100,"NA") -> 170.88121 | AS22: =IFERROR(SUM(AD22:AF22)/SUM(R22:T22)*100,"NA") -> 38.18911 | AT22: =IFERROR(SUM(AG22:AI22)/SUM(U22:W22)*100,"NA") -> 108.6469 | AU22: =IFERROR(SUM(X22:AC22)/SUM(L22:Q22)*100,"NA") -> 146.42194 | AV22: =IFERROR(SUM(AD22:AI22)/SUM(R22:W22)*100,"NA") -> 70.425679 | AW22: =IFERROR(SUM(X22:AI22)/SUM(L22:W22)*100,"NA") -> 106.35097
